title,key_center,sum_dur,n_notes,[p][d]
Washtap Reel,7,51/4,44,2,7,9,4,0,2,0,9,7,9,0,4,7,0,4,4,2,4,7,9,11,0,9,7,4,5,2,0,7,0,7,0,4,5,11,4,9,2,2,7,0,9,2,7,1/4,1/4,1/4,1/4,1/2,1/4,1/4,1/4,1/4,1/4,1/4,3/8,1/8,1/4,1/4,1/4,1/4,1/4,1/4,3/8,1/8,1/4,1/4,1/4,1/4,1/4,1/4,1/4,7/4,1/4,1/4,1/4,1/4,1/4,1/4,1/4,1/4,1/4,1/4,1/4,1/4,1/4,1/4,1/4
Vole Crossing,2,289/8,273,2,4,0,0,11,0,0,9,0,0,7,11,2,4,0,0,11,0,0,9,2,2,2,0,2,4,0,0,11,0,0,9,0,0,7,0,0,9,0,0,11,0,2,4,0,0,0,2,4,0,0,11,0,0,9,0,0,7,11,2,4,0,0,11,0,0,9,2,2,2,0,2,4,0,0,11,0,0,9,0,0,7,0,0,9,0,0,11,0,2,4,0,0,0,2,4,2,4,5,4,5,7,5,7,9,2,0,2,3,2,4,5,4,5,7,4,2,4,5,4,5,7,5,7,9,7,5,4,2,0,11,0,2,4,0,0,0,4,0,0,11,0,0,9,0,0,7,11,2,4,0,0,11,0,0,9,2,2,2,0,2,4,0,0,11,0,0,9,0,0,7,0,0,9,0,0,11,0,2,4,0,0,0,2,4,0,0,11,0,0,9,0,0,7,11,2,4,0,0,11,0,0,9,2,2,2,0,2,4,0,0,11,0,0,9,0,0,7,0,0,9,0,0,11,0,2,4,0,0,0,2,4,2,4,5,4,5,7,5,7,9,2,0,2,3,2,4,5,4,5,7,4,2,4,5,4,5,7,5,7,9,7,5,4,2,0,11,0,2,4,0,0,0,1/8,1/8,1/8,1/8,1/8,1/8,1/8,1/8,1/8,1/8,1/8,1/8,1/8,1/8,1/8,1/8,1/8,1/8,1/8,1/8,1/8,1/8,1/8,1/8,1/8,1/8,1/8,1/8,1/8,1/8,1/8,1/8,1/8,1/8,1/8,1/8,1/8,1/8,1/8,1/8,1/8,1/8,1/8,1/8,1/8,1/8,1/4,1/8,1/8,1/8,1/8,1/8,1/8,1/8,1/8,1/8,1/8,1/8,1/8,1/8,1/8,1/8,1/8,1/8,1/8,1/8,1/8,1/8,1/8,1/8,1/8,1/8,1/8,1/8,1/8,1/8,1/8,1/8,1/8,1/8,1/8,1/8,1/8,1/8,1/8,1/8,1/8,1/8,1/8,1/8,1/8,1/8,1/8,1/4,1/8,1/8,1/8,1/8,1/8,1/8,1/8,1/8,1/8,1/8,3/8,1/8,1/8,1/8,1/8,1/8,1/8,1/8,1/8,1/8,3/8,1/8,1/8,1/8,1/8,1/8,1/8,1/8,1/8,1/8,1/8,1/8,1/8,1/8,1/8,1/8,1/8,1/8,1/8,1/8,1/8,1/8,3/8,1/8,1/8,1/8,1/8,1/8,1/8,1/8,1/8,1/8,1/8,1/8,1/8,1/8,1/8,1/8,1/8,1/8,1/8,1/8,1/8,1/8,1/8,1/8,1/8,1/8,1/8,1/8,1/8,1/8,1/8,1/8,1/8,1/8,1/8,1/8,1/8,1/8,1/8,1/8,1/8,1/8,1/8,1/8,1/8,1/8,1/4,1/8,1/8,1/8,1/8,1/8,1/8,1/8,1/8,1/8,1/8,1/8,1/8,1/8,1/8,1/8,1/8,1/8,1/8,1/8,1/8,1/8,1/8,1/8,1/8,1/8,1/8,1/8,1/8,1/8,1/8,1/8,1/8,1/8,1/8,1/8,1/8,1/8,1/8,1/8,1/8,1/8,1/8,1/8,1/8,1/8,1/8,1/4,1/8,1/8,1/8,1/8,1/8,1/8,1/8,1/8,1/8,1/8,3/8,1/8,1/8,1/8,1/8,1/8,1/8,1/8,1/8,1/8,3/8,1/8,1/8,1/8,1/8,1/8,1/8,1/8,1/8,1/8,1/8,1/8,1/8,1/8,1/8,1/8,1/8,1/8,1/8,1/8,1/8,1/8,3/8
Via Gellia,7,95/4,85,2,7,4,0,2,4,4,7,4,2,0,2,7,4,2,0,2,7,0,2,4,4,7,4,2,0,2,11,0,7,0,2,4,4,7,4,2,0,2,7,4,2,0,2,7,0,2,4,4,7,4,2,0,2,11,0,7,5,11,0,2,2,7,5,9,4,7,5,7,9,2,9,11,0,2,2,7,4,9,0,2,2,7,7,7,1/8,1/8,1/8,1/4,1/4,3/8,1/4,1/8,1/8,1/8,1/8,1/4,1/8,1/8,1/8,1/8,1/4,1/8,1/4,1/4,3/8,1/4,1/8,1/8,1/8,1/8,1/4,1/8,4,1/8,1/4,1/4,3/8,1/4,1/8,1/8,1/8,1/8,1/4,1/8,1/8,1/8,1/8,1/4,1/8,1/4,1/4,3/8,1/4,1/8,1/8,1/8,1/8,1/4,1/8,4,1/8,1/8,1/4,1/4,3/8,1/4,1/8,1/4,1/8,1/4,1/8,1/8,1/8,1/8,1/4,1/8,1/4,1/4,3/8,1/4,1/8,1/8,1/8,1/8,1/4,1/8,3/8,1/4,1/8
Verdi's Waltz,0,3/4,3,9,9,11,1/4,1/4,1/4
The Trouper,7,64,248,4,5,6,7,4,4,3,4,4,0,7,8,9,4,4,3,4,4,9,10,11,4,4,2,4,4,2,3,4,0,9,8,7,4,5,6,7,4,4,3,4,4,0,7,8,9,4,4,3,4,4,0,9,10,11,4,4,2,4,7,2,4,0,0,7,4,3,2,2,1,0,11,9,7,5,4,11,11,9,11,11,7,4,3,2,2,1,0,11,9,7,5,4,4,7,4,3,2,2,1,0,11,9,7,5,4,11,11,9,11,11,7,0,9,5,2,2,3,4,7,4,2,0,0,4,5,6,7,4,4,3,4,4,0,7,8,9,4,4,3,4,4,9,10,11,4,4,2,4,4,2,3,4,0,9,8,7,4,5,6,7,4,4,3,4,4,0,7,8,9,4,4,3,4,4,0,9,10,11,4,4,2,4,7,2,4,0,0,7,4,3,2,2,1,0,11,9,7,5,4,11,11,9,11,11,7,4,3,2,2,1,0,11,9,7,5,4,4,7,4,3,2,2,1,0,11,9,7,5,4,11,11,9,11,11,7,0,9,5,2,2,3,4,7,4,2,0,0,1/4,1/4,1/4,1/4,1/4,1/4,1/8,1/8,1/4,1/4,1/4,1/4,1/4,1/4,1/4,1/8,1/8,1/2,1/4,1/4,1/4,1/4,1/4,1/8,1/8,1/4,1/2,1/4,1/4,1/4,1/4,1/4,1/4,1/4,1/4,1/4,1/4,1/4,1/4,1/8,1/8,1/4,1/4,1/4,1/4,1/4,1/4,1/4,1/8,1/8,1/4,1/4,1/4,1/4,1/4,1/4,1/4,1/8,1/8,1/4,1/2,1/4,1,1/4,1/4,1/4,1/4,1/4,1/4,1/4,1/4,1/4,1/4,1/4,1/4,1/4,1/4,1/4,1/8,1/8,1/4,1/4,1/4,1/4,3/8,1/8,1/4,1/4,1/4,1/4,1/4,1/4,1,1/4,1/4,1/4,1/4,1/4,1/4,1/4,1/4,1/4,1/4,1/4,1/4,1/4,1/4,1/4,1/8,1/8,1/2,1/2,1/4,1/4,1/4,1/4,1/8,1/8,1/8,1/4,1/8,1/4,1,1/4,1/4,1/4,1/4,1/4,1/4,1/4,1/8,1/8,1/4,1/4,1/4,1/4,1/4,1/4,1/4,1/8,1/8,1/2,1/4,1/4,1/4,1/4,1/4,1/8,1/8,1/4,1/2,1/4,1/4,1/4,1/4,1/4,1/4,1/4,1/4,1/4,1/4,1/4,1/4,1/8,1/8,1/4,1/4,1/4,1/4,1/4,1/4,1/4,1/8,1/8,1/4,1/4,1/4,1/4,1/4,1/4,1/4,1/8,1/8,1/4,1/2,1/4,1,1/4,1/4,1/4,1/4,1/4,1/4,1/4,1/4,1/4,1/4,1/4,1/4,1/4,1/4,1/4,1/8,1/8,1/4,1/4,1/4,1/4,3/8,1/8,1/4,1/4,1/4,1/4,1/4,1/4,1,1/4,1/4,1/4,1/4,1/4,1/4,1/4,1/4,1/4,1/4,1/4,1/4,1/4,1/4,1/4,1/8,1/8,1/2,1/2,1/4,1/4,1/4,1/4,1/8,1/8,1/8,1/4,1/8,1/4,1,1/4
The Toastmaster,7,319/4,389,7,4,7,0,7,9,7,5,4,2,9,7,5,4,2,0,11,0,7,0,4,7,4,7,0,7,9,7,5,4,2,9,7,5,4,0,0,2,4,5,7,4,7,0,7,9,7,5,4,2,9,7,5,4,2,0,11,0,7,0,4,7,4,7,0,7,9,7,5,4,2,9,7,11,0,0,0,7,0,7,9,7,5,4,2,9,7,5,4,2,0,11,0,7,0,4,7,4,7,0,7,9,7,5,4,2,9,7,5,4,0,0,2,4,5,7,4,7,0,7,9,7,5,4,2,9,7,5,4,2,0,11,0,7,0,4,7,4,7,0,7,9,7,5,4,2,9,7,11,0,0,0,2,9,7,6,9,11,9,7,6,4,11,9,7,6,4,2,1,2,9,9,6,7,2,1,11,7,11,2,4,2,1,11,1,2,4,6,7,7,7,6,2,11,9,7,1,7,9,7,6,4,2,9,7,6,4,2,1,11,1,7,1,4,7,4,7,1,7,9,7,6,4,2,9,7,6,4,1,1,2,4,6,7,4,7,1,7,9,7,6,4,2,9,7,6,4,2,1,11,1,7,1,4,7,4,7,1,7,9,7,6,4,2,9,7,11,1,1,1,7,1,7,9,7,6,4,2,9,7,6,4,2,1,11,1,7,1,4,7,4,7,1,7,9,7,6,4,2,9,7,6,4,1,1,2,4,6,7,4,7,1,7,9,7,6,4,2,9,7,6,4,2,1,11,1,7,1,4,7,4,7,1,7,9,7,6,4,2,9,7,11,1,1,1,2,9,7,6,9,11,9,7,6,4,11,9,7,6,4,2,1,2,9,9,6,7,2,1,11,7,11,2,4,2,1,11,1,2,4,6,7,7,7,6,2,11,9,7,1/2,3/8,1/8,3/4,1/4,1/8,1/8,1/8,1/8,1/8,1/8,1/8,1/8,1/8,1/8,1/8,1/8,1/8,1/8,1/8,1/8,1/2,3/8,1/8,3/4,1/4,1/8,1/8,1/8,1/8,1/8,1/8,1/8,1/8,1/4,1/4,1/8,1/8,1/8,1/8,1/2,3/8,1/8,3/4,1/4,1/8,1/8,1/8,1/8,1/8,1/8,1/8,1/8,1/8,1/8,1/8,1/8,1/8,1/8,1/8,1/8,1/2,3/8,1/8,3/4,1/4,1/8,1/8,1/8,1/8,1/8,1/8,1/8,1/8,1/4,1/4,1/2,1/8,3/4,1/4,1/8,1/8,1/8,1/8,1/8,1/8,1/8,1/8,1/8,1/8,1/8,1/8,1/8,1/8,1/8,1/8,1/2,3/8,1/8,3/4,1/4,1/8,1/8,1/8,1/8,1/8,1/8,1/8,1/8,1/4,1/4,1/8,1/8,1/8,1/8,1/2,3/8,1/8,3/4,1/4,1/8,1/8,1/8,1/8,1/8,1/8,1/8,1/8,1/8,1/8,1/8,1/8,1/8,1/8,1/8,1/8,1/2,3/8,1/8,3/4,1/4,1/8,1/8,1/8,1/8,1/8,1/8,1/8,1/8,1/4,1/4,1/2,1/2,3/8,1/8,3/4,1/4,1/8,1/8,1/8,1/8,1/8,1/8,1/8,1/8,1/8,1/8,1/8,1/8,1/8,1/8,1/8,1/8,1/2,3/8,1/8,1/4,1/4,1/4,1/4,1/8,1/8,1/8,1/8,1/8,1/8,1/8,1/8,1/4,1/4,1/4,1/4,1/4,1/4,1/4,1/2,3/4,1/4,1/8,1/8,1/8,1/8,1/8,1/8,1/8,1/8,1/8,1/8,1/8,1/8,1/8,1/8,1/8,1/8,1/2,3/8,1/8,3/4,1/4,1/8,1/8,1/8,1/8,1/8,1/8,1/8,1/8,1/4,1/4,1/8,1/8,1/8,1/8,1/2,3/8,1/8,3/4,1/4,1/8,1/8,1/8,1/8,1/8,1/8,1/8,1/8,1/8,1/8,1/8,1/8,1/8,1/8,1/8,1/8,1/2,3/8,1/8,3/4,1/4,1/8,1/8,1/8,1/8,1/8,1/8,1/8,1/8,1/4,1/4,1/2,1/8,3/4,1/4,1/8,1/8,1/8,1/8,1/8,1/8,1/8,1/8,1/8,1/8,1/8,1/8,1/8,1/8,1/8,1/8,1/2,3/8,1/8,3/4,1/4,1/8,1/8,1/8,1/8,1/8,1/8,1/8,1/8,1/4,1/4,1/8,1/8,1/8,1/8,1/2,3/8,1/8,3/4,1/4,1/8,1/8,1/8,1/8,1/8,1/8,1/8,1/8,1/8,1/8,1/8,1/8,1/8,1/8,1/8,1/8,1/2,3/8,1/8,3/4,1/4,1/8,1/8,1/8,1/8,1/8,1/8,1/8,1/8,1/4,1/4,1/2,1/2,3/8,1/8,3/4,1/4,1/8,1/8,1/8,1/8,1/8,1/8,1/8,1/8,1/8,1/8,1/8,1/8,1/8,1/8,1/8,1/8,1/2,3/8,1/8,1/4,1/4,1/4,1/4,1/8,1/8,1/8,1/8,1/8,1/8,1/8,1/8,1/4,1/4,1/4,1/4,1/4,1/4,1/4,1/2
Temperley Hornpipe,2,781/4,313,7,0,4,7,7,4,2,0,2,7,7,2,0,11,0,9,9,4,2,0,0,11,11,10,11,4,8,11,4,7,7,4,2,0,2,7,7,2,0,11,9,9,5,2,2,0,0,11,0,4,0,7,0,7,0,4,7,7,4,2,0,2,7,7,2,0,11,0,9,9,4,2,0,0,11,11,10,11,4,8,11,4,7,7,4,2,0,2,7,7,2,0,11,9,9,5,2,2,0,0,11,0,4,0,7,0,2,7,4,7,5,4,5,2,11,7,9,11,0,7,3,0,7,3,0,7,3,0,8,8,8,5,0,8,5,0,7,6,7,3,0,7,3,0,5,4,5,2,11,7,9,11,0,4,0,7,0,0,4,7,7,4,2,0,2,7,7,2,0,11,0,9,9,4,2,0,0,11,11,10,11,4,8,11,4,7,7,4,2,0,2,7,7,2,0,11,9,9,5,2,2,0,0,11,0,4,0,7,0,7,0,4,7,7,4,2,0,2,7,7,2,0,11,0,9,9,4,2,0,0,11,11,10,11,4,8,11,4,7,7,4,2,0,2,7,7,2,0,11,9,9,5,2,2,0,0,11,0,4,0,7,0,2,7,4,7,5,4,5,2,11,7,9,11,0,7,3,0,7,3,0,7,3,0,8,8,8,5,0,8,5,0,7,6,7,3,0,7,3,0,5,4,5,2,11,7,9,11,0,4,0,7,0,3/4,1/4,1,1,3/4,1/4,3/4,1/4,1,1,3/4,1/4,3/4,1/4,1,1,3/4,1/4,3/4,1/4,3/4,1/4,3/4,1/4,3/4,1/4,3/4,1/4,1,1,3/4,1/4,3/4,1/4,1,1,3/4,1/4,3/4,1/4,3/4,1/4,3/4,1/4,3/4,1/4,3/4,1/4,1,1,1,3/4,1/4,3/4,1/4,1,1,3/4,1/4,3/4,1/4,1,1,3/4,1/4,3/4,1/4,1,1,3/4,1/4,3/4,1/4,3/4,1/4,3/4,1/4,3/4,1/4,3/4,1/4,1,1,3/4,1/4,3/4,1/4,1,1,3/4,1/4,3/4,1/4,3/4,1/4,3/4,1/4,3/4,1/4,3/4,1/4,1,1,1,3/4,1/4,1,1,1,1,3/4,1/4,3/4,1/4,3/4,1/4,3/4,1/4,1,1,1,1,1,1,3/4,1/4,3/4,1/4,3/4,1/4,3/4,1/4,3/4,1/4,3/4,1/4,3/4,1/4,3/4,1/4,3/4,1/4,3/4,1/4,3/4,1/4,3/4,1/4,3/4,1/4,3/4,1/4,1,1,1,3/4,1/4,1/4,1,1,3/4,1/4,3/4,1/4,1,1,3/4,1/4,3/4,1/4,1,1,3/4,1/4,3/4,1/4,3/4,1/4,3/4,1/4,3/4,1/4,3/4,1/4,1,1,3/4,1/4,3/4,1/4,1,1,3/4,1/4,3/4,1/4,3/4,1/4,3/4,1/4,3/4,1/4,3/4,1/4,1,1,1,3/4,1/4,3/4,1/4,1,1,3/4,1/4,3/4,1/4,1,1,3/4,1/4,3/4,1/4,1,1,3/4,1/4,3/4,1/4,3/4,1/4,3/4,1/4,3/4,1/4,3/4,1/4,1,1,3/4,1/4,3/4,1/4,1,1,3/4,1/4,3/4,1/4,3/4,1/4,3/4,1/4,3/4,1/4,3/4,1/4,1,1,1,3/4,1/4,1,1,1,1,3/4,1/4,3/4,1/4,3/4,1/4,3/4,1/4,1,1,1,1,1,1,3/4,1/4,3/4,1/4,3/4,1/4,3/4,1/4,3/4,1/4,3/4,1/4,3/4,1/4,3/4,1/4,3/4,1/4,3/4,1/4,3/4,1/4,3/4,1/4,3/4,1/4,3/4,1/4,1,1,1,3/4,1/4
Stepping Stone,7,48,136,9,7,4,2,0,2,4,9,2,4,9,11,0,4,9,7,9,7,4,2,0,2,4,9,2,4,9,11,0,0,0,11,9,11,7,9,7,5,7,4,5,9,7,4,4,9,4,7,7,0,11,9,11,7,9,7,5,7,4,5,9,9,7,5,4,5,2,0,9,7,4,2,0,2,4,9,2,4,9,11,0,4,9,7,9,7,4,2,0,2,4,9,2,4,9,11,0,0,0,11,9,11,7,9,7,5,7,4,5,9,7,4,4,9,4,7,7,0,11,9,11,7,9,7,5,7,4,5,9,9,7,5,4,5,2,0,1/2,1/4,3/8,1/8,1/4,1/2,1/4,3/4,1/2,1/4,1/2,1/4,1/4,1/4,1/4,3/4,1/2,1/4,3/8,1/8,1/4,1/2,1/4,3/4,1/2,1/4,1/2,1/4,3/4,3/4,3/8,1/8,1/4,1/2,1/4,3/8,1/8,1/4,1/2,1/4,1/2,1/4,1/2,1/4,1/2,1/4,1/8,1/8,1/2,3/8,1/8,1/4,1/2,1/4,3/8,1/8,1/4,1/2,1/4,1/2,1/4,3/8,1/8,1/4,1/4,1/4,1/4,3/4,1/2,1/4,3/8,1/8,1/4,1/2,1/4,3/4,1/2,1/4,1/2,1/4,1/4,1/4,1/4,3/4,1/2,1/4,3/8,1/8,1/4,1/2,1/4,3/4,1/2,1/4,1/2,1/4,3/4,3/4,3/8,1/8,1/4,1/2,1/4,3/8,1/8,1/4,1/2,1/4,1/2,1/4,1/2,1/4,1/2,1/4,1/8,1/8,1/2,3/8,1/8,1/4,1/2,1/4,3/8,1/8,1/4,1/2,1/4,1/2,1/4,3/8,1/8,1/4,1/4,1/4,1/4,3/4
Spanish Dance,2,703/16,569,0,7,4,7,0,9,5,9,0,2,4,5,4,4,2,0,7,4,7,0,2,4,5,4,2,0,11,0,2,11,7,5,4,0,7,7,2,11,7,5,4,2,7,7,4,0,7,9,11,0,5,4,2,0,0,7,4,7,0,9,5,9,0,2,4,5,4,4,2,0,7,4,7,0,2,4,5,4,2,0,11,0,2,11,7,5,4,0,7,7,2,11,7,5,4,2,7,7,4,0,7,9,11,0,5,4,2,0,7,9,11,0,0,11,9,7,2,4,5,4,4,2,4,4,2,6,7,9,11,9,7,6,7,4,7,0,9,5,9,0,2,4,5,4,4,2,0,7,4,7,0,2,4,5,4,2,0,11,0,2,11,7,5,4,0,7,7,2,11,7,5,4,2,7,7,4,0,7,9,11,0,5,4,2,0,0,7,4,7,0,9,5,9,0,2,4,5,4,4,2,0,7,4,7,0,2,4,5,4,2,0,11,0,2,11,7,5,4,0,7,7,2,11,7,5,4,2,7,7,4,0,7,9,11,0,5,4,2,0,7,9,11,0,0,11,9,7,2,4,5,4,4,2,4,4,2,6,7,9,11,9,7,6,7,2,11,7,0,9,7,5,4,2,9,2,5,4,2,11,0,5,4,2,0,11,0,7,0,9,5,9,0,2,4,5,4,4,2,0,7,4,7,0,2,4,5,4,2,0,11,0,2,11,7,5,4,0,7,7,2,11,7,5,4,2,7,7,4,0,7,9,11,0,5,4,2,0,0,7,4,7,0,9,5,9,0,2,4,5,4,4,2,0,7,4,7,0,2,4,5,4,2,0,11,0,2,11,7,5,4,0,7,7,2,11,7,5,4,2,7,7,4,0,7,9,11,0,5,4,2,0,7,9,11,0,0,11,9,7,2,4,5,4,4,2,4,4,2,6,7,9,11,9,7,6,7,4,7,0,9,5,9,0,2,4,5,4,4,2,0,7,4,7,0,2,4,5,4,2,0,11,0,2,11,7,5,4,0,7,7,2,11,7,5,4,2,7,7,4,0,7,9,11,0,5,4,2,0,0,7,4,7,0,9,5,9,0,2,4,5,4,4,2,0,7,4,7,0,2,4,5,4,2,0,11,0,2,11,7,5,4,0,7,7,2,11,7,5,4,2,7,7,4,0,7,9,11,0,5,4,2,0,7,9,11,0,0,11,9,7,2,4,5,4,4,2,4,4,2,6,7,9,11,9,7,6,7,2,11,7,0,9,7,5,4,2,9,2,5,4,2,11,0,5,4,2,0,11,0,1/16,1/16,1/16,1/16,1/16,1/16,1/16,1/16,1/8,1/16,1/16,1/16,1/16,1/16,1/16,1/16,1/16,1/16,1/16,1/16,1/16,1/16,1/16,1/16,1/16,1/16,1/16,1/4,1/16,1/16,1/16,1/16,1/16,1/16,1/16,1/16,1/16,1/16,1/16,1/16,1/8,1/16,1/16,1/16,1/16,1/16,1/16,1/16,1/16,1/16,1/16,1/8,1/8,1/4,1/16,1/16,1/16,1/16,1/16,1/16,1/16,1/16,1/8,1/16,1/16,1/16,1/16,1/16,1/16,1/16,1/16,1/16,1/16,1/16,1/16,1/16,1/16,1/16,1/16,1/16,1/16,1/4,1/16,1/16,1/16,1/16,1/16,1/16,1/16,1/16,1/16,1/16,1/16,1/16,1/8,1/16,1/16,1/16,1/16,1/16,1/16,1/16,1/16,1/16,1/16,1/8,1/8,1/4,1/16,1/16,1/16,1/16,1/16,1/16,1/16,1/16,1/16,1/16,1/16,1/16,1/8,1/8,3/16,1/16,1/16,1/16,1/16,1/16,1/16,1/16,1/16,1/16,1/16,1/16,1/16,1/16,1/16,1/16,1/16,1/8,1/16,1/16,1/16,1/16,1/16,1/16,1/16,1/16,1/16,1/16,1/16,1/16,1/16,1/16,1/16,1/16,1/16,1/16,1/4,1/16,1/16,1/16,1/16,1/16,1/16,1/16,1/16,1/16,1/16,1/16,1/16,1/8,1/16,1/16,1/16,1/16,1/16,1/16,1/16,1/16,1/16,1/16,1/8,1/8,1/4,1/16,1/16,1/16,1/16,1/16,1/16,1/16,1/16,1/8,1/16,1/16,1/16,1/16,1/16,1/16,1/16,1/16,1/16,1/16,1/16,1/16,1/16,1/16,1/16,1/16,1/16,1/16,1/4,1/16,1/16,1/16,1/16,1/16,1/16,1/16,1/16,1/16,1/16,1/16,1/16,1/8,1/16,1/16,1/16,1/16,1/16,1/16,1/16,1/16,1/16,1/16,1/8,1/8,1/4,1/16,1/16,1/16,1/16,1/16,1/16,1/16,1/16,1/16,1/16,1/16,1/16,1/8,1/8,3/16,1/16,1/16,1/16,1/16,1/16,1/16,1/16,1/16,1/16,1/4,3/16,1/16,1/8,1/8,1/16,1/16,1/16,1/16,1/4,1/16,1/16,1/16,1/16,1/16,1/16,1/16,1/16,1/16,1/16,1/16,1/16,1,1/16,1/16,1/16,1/16,1/16,1/8,1/16,1/16,1/16,1/16,1/16,1/16,1/16,1/16,1/16,1/16,1/16,1/16,1/16,1/16,1/16,1/16,1/16,1/16,1/4,1/16,1/16,1/16,1/16,1/16,1/16,1/16,1/16,1/16,1/16,1/16,1/16,1/8,1/16,1/16,1/16,1/16,1/16,1/16,1/16,1/16,1/16,1/16,1/8,1/8,1/4,1/16,1/16,1/16,1/16,1/16,1/16,1/16,1/16,1/8,1/16,1/16,1/16,1/16,1/16,1/16,1/16,1/16,1/16,1/16,1/16,1/16,1/16,1/16,1/16,1/16,1/16,1/16,1/4,1/16,1/16,1/16,1/16,1/16,1/16,1/16,1/16,1/16,1/16,1/16,1/16,1/8,1/16,1/16,1/16,1/16,1/16,1/16,1/16,1/16,1/16,1/16,1/8,1/8,1/4,1/16,1/16,1/16,1/16,1/16,1/16,1/16,1/16,1/16,1/16,1/16,1/16,1/8,1/8,3/16,1/16,1/16,1/16,1/16,1/16,1/16,1/16,1/16,1/16,1/16,1/16,1/16,1/16,1/16,1/16,1/16,1/8,1/16,1/16,1/16,1/16,1/16,1/16,1/16,1/16,1/16,1/16,1/16,1/16,1/16,1/16,1/16,1/16,1/16,1/16,1/4,1/16,1/16,1/16,1/16,1/16,1/16,1/16,1/16,1/16,1/16,1/16,1/16,1/8,1/16,1/16,1/16,1/16,1/16,1/16,1/16,1/16,1/16,1/16,1/8,1/8,1/4,1/16,1/16,1/16,1/16,1/16,1/16,1/16,1/16,1/8,1/16,1/16,1/16,1/16,1/16,1/16,1/16,1/16,1/16,1/16,1/16,1/16,1/16,1/16,1/16,1/16,1/16,1/16,1/4,1/16,1/16,1/16,1/16,1/16,1/16,1/16,1/16,1/16,1/16,1/16,1/16,1/8,1/16,1/16,1/16,1/16,1/16,1/16,1/16,1/16,1/16,1/16,1/8,1/8,1/4,1/16,1/16,1/16,1/16,1/16,1/16,1/16,1/16,1/16,1/16,1/16,1/16,1/8,1/8,3/16,1/16,1/16,1/16,1/16,1/16,1/16,1/16,1/16,1/16,1/4,3/16,1/16,1/8,1/8,1/16,1/16,1/16,1/16,1/4,1/16,1/16,1/16,1/16,1/16,1/16,1/16,1/16,1/16,1/16,1/16,1/16,1/4
The Sluggard Tapper,2,147/4,110,7,7,4,0,2,4,9,11,0,7,5,4,2,0,7,7,9,11,0,2,7,4,0,2,4,9,11,0,7,5,4,2,0,7,7,9,11,0,7,7,4,0,2,4,9,11,0,7,5,4,2,0,7,7,9,11,0,2,7,4,0,2,4,9,11,0,7,5,4,2,0,7,7,9,11,0,9,2,7,6,7,9,7,2,4,2,11,0,9,11,9,7,9,2,7,6,7,9,7,2,4,2,11,2,7,4,2,4,6,7,1/4,1/2,1/4,3/8,1/8,1/4,3/8,1/8,1/4,1/2,1/4,3/8,1/8,1/4,1/2,1/4,3/8,1/8,1/4,3/4,1/2,1/4,3/8,1/8,1/4,3/8,1/8,1/4,1/2,1/4,3/8,1/8,1/4,1/2,1/4,1/2,1/4,3/4,1/4,1/2,1/4,3/8,1/8,1/4,3/8,1/8,1/4,1/2,1/4,3/8,1/8,1/4,1/2,1/4,3/8,1/8,1/4,3/4,1/2,1/4,3/8,1/8,1/4,3/8,1/8,1/4,1/2,1/4,3/8,1/8,1/4,1/2,1/4,1/2,1/4,3/4,1/4,1/2,1/4,3/8,1/8,1/4,1/2,1/4,3/4,1/2,1/4,1/2,1/4,3/8,1/8,1/4,3/4,1/2,1/4,3/8,1/8,1/4,1/2,1/4,3/4,1/4,1/4,1/4,1/2,1/4,3/8,1/8,1/4,3/4
Scottish Caddie,0,927/8,847,11,9,11,0,0,11,9,9,9,9,9,11,0,9,11,0,0,11,9,7,7,7,7,9,11,9,11,0,0,11,9,9,9,9,9,11,0,9,11,0,0,11,9,9,11,11,9,11,0,0,11,9,9,9,9,9,11,0,9,11,0,0,11,9,7,7,7,7,9,11,9,11,0,0,11,9,9,9,9,9,11,0,9,11,0,0,11,9,9,11,11,9,9,9,9,9,11,0,9,11,0,0,11,9,7,7,7,7,9,11,9,11,0,0,11,9,9,9,9,9,11,0,9,11,0,0,11,9,9,11,11,9,11,0,0,11,9,9,9,9,9,11,0,9,11,0,0,11,9,7,7,7,7,9,11,9,11,0,0,11,9,9,9,9,9,11,0,9,11,0,0,11,9,9,11,0,2,4,4,2,0,0,0,0,0,2,4,0,2,4,4,2,0,10,5,2,2,5,11,0,2,4,4,2,0,0,0,0,0,2,4,0,2,4,4,2,0,0,0,9,9,9,11,0,9,11,0,0,11,9,7,7,7,7,9,11,9,11,0,0,11,9,9,9,9,9,11,0,9,11,0,0,11,9,9,11,11,9,11,0,0,11,9,9,9,9,9,11,0,9,11,0,0,11,9,7,7,7,7,9,11,9,11,0,0,11,9,9,9,9,9,11,0,9,11,0,0,11,9,9,11,11,9,9,9,9,9,11,0,9,11,0,0,11,9,7,7,7,7,9,11,9,11,0,0,11,9,9,9,9,9,11,0,9,11,0,0,11,9,9,11,11,9,11,0,0,11,9,9,9,9,9,11,0,9,11,0,0,11,9,7,7,7,7,9,11,9,11,0,0,11,9,9,9,9,9,11,0,9,11,0,0,11,9,9,11,0,2,4,4,2,0,0,0,0,0,2,4,0,2,4,4,2,0,10,5,2,2,5,11,0,2,4,4,2,0,0,0,0,0,2,4,0,2,4,4,2,0,0,11,9,11,0,0,11,9,7,7,7,7,9,11,9,11,0,0,11,9,9,9,9,9,11,0,9,11,0,0,11,9,9,11,11,9,11,0,0,11,9,9,9,9,9,11,0,9,11,0,0,11,9,7,7,7,7,9,11,9,11,0,0,11,9,9,9,9,9,11,0,9,11,0,0,11,9,9,11,11,9,9,9,9,9,11,0,9,11,0,0,11,9,7,7,7,7,9,11,9,11,0,0,11,9,9,9,9,9,11,0,9,11,0,0,11,9,9,11,11,9,11,0,0,11,9,9,9,9,9,11,0,9,11,0,0,11,9,7,7,7,7,9,11,9,11,0,0,11,9,9,9,9,9,11,0,9,11,0,0,11,9,9,11,0,2,4,4,2,0,0,0,0,0,2,4,0,2,4,4,2,0,10,5,2,2,5,11,0,2,4,4,2,0,0,0,0,0,2,4,0,2,4,4,2,0,0,0,9,9,9,11,0,9,11,0,0,11,9,7,7,7,7,9,11,9,11,0,0,11,9,9,9,9,9,11,0,9,11,0,0,11,9,9,11,11,9,11,0,0,11,9,9,9,9,9,11,0,9,11,0,0,11,9,7,7,7,7,9,11,9,11,0,0,11,9,9,9,9,9,11,0,9,11,0,0,11,9,9,11,11,9,9,9,9,9,11,0,9,11,0,0,11,9,7,7,7,7,9,11,9,11,0,0,11,9,9,9,9,9,11,0,9,11,0,0,11,9,9,11,11,9,11,0,0,11,9,9,9,9,9,11,0,9,11,0,0,11,9,7,7,7,7,9,11,9,11,0,0,11,9,9,9,9,9,11,0,9,11,0,0,11,9,9,11,0,2,4,4,2,0,0,0,0,0,2,4,0,2,4,4,2,0,10,5,2,2,5,11,0,2,4,4,2,0,0,0,0,0,2,4,0,2,4,4,2,0,0,11,1/8,1/8,1/8,1/8,1/8,1/8,1/8,1/8,1/8,1/8,1/8,1/8,1/8,1/8,1/8,1/8,1/8,1/8,1/8,1/8,1/8,1/8,1/8,1/8,1/8,1/8,1/8,1/8,1/8,1/8,1/8,1/8,1/8,1/8,1/8,1/8,1/8,1/8,1/8,1/8,1/8,1/8,1/8,3/8,3/8,1/8,1/8,1/8,1/8,1/8,1/8,1/8,1/8,1/8,1/8,1/8,1/8,1/8,1/8,1/8,1/8,1/8,1/8,1/8,1/8,1/8,1/8,1/8,1/8,1/8,1/8,1/8,1/8,1/8,1/8,1/8,1/8,1/8,1/8,1/8,1/8,1/8,1/8,1/8,1/8,1/8,1/8,1/8,3/8,3/8,1/8,1/8,1/8,1/8,1/8,1/8,1/8,1/8,1/8,1/8,1/8,1/8,1/8,1/8,1/8,1/8,1/8,1/8,1/8,1/8,1/8,1/8,1/8,1/8,1/8,1/8,1/8,1/8,1/8,1/8,1/8,1/8,1/8,1/8,1/8,1/8,1/8,1/8,3/8,3/8,1/8,1/8,1/8,1/8,1/8,1/8,1/8,1/8,1/8,1/8,1/8,1/8,1/8,1/8,1/8,1/8,1/8,1/8,1/8,1/8,1/8,1/8,1/8,1/8,1/8,1/8,1/8,1/8,1/8,1/8,1/8,1/8,1/8,1/8,1/8,1/8,1/8,1/8,1/8,1/8,1/8,1/8,1/8,3/8,3/8,1/8,1/8,1/8,1/8,1/8,1/8,1/8,1/8,1/8,1/8,1/8,1/8,1/8,1/8,1/8,1/8,1/8,1/8,1/8,1/8,1/8,1/8,1/8,1/8,1/8,1/8,1/8,1/8,1/8,1/8,1/8,1/8,1/8,1/8,1/8,1/8,1/8,1/8,1/8,1/8,1/8,1/8,3/8,3/8,1/8,1/8,1/8,1/8,1/8,1/8,1/8,1/8,1/8,1/8,1/8,1/8,1/8,1/8,1/8,1/8,1/8,1/8,1/8,1/8,1/8,1/8,1/8,1/8,1/8,1/8,1/8,1/8,1/8,1/8,1/8,1/8,1/8,1/8,1/8,3/8,3/8,1/8,1/8,1/8,1/8,1/8,1/8,1/8,1/8,1/8,1/8,1/8,1/8,1/8,1/8,1/8,1/8,1/8,1/8,1/8,1/8,1/8,1/8,1/8,1/8,1/8,1/8,1/8,1/8,1/8,1/8,1/8,1/8,1/8,1/8,1/8,1/8,1/8,1/8,1/8,1/8,1/8,1/8,1/8,3/8,3/8,1/8,1/8,1/8,1/8,1/8,1/8,1/8,1/8,1/8,1/8,1/8,1/8,1/8,1/8,1/8,1/8,1/8,1/8,1/8,1/8,1/8,1/8,1/8,1/8,1/8,1/8,1/8,1/8,1/8,1/8,1/8,1/8,1/8,1/8,1/8,1/8,1/8,1/8,3/8,3/8,1/8,1/8,1/8,1/8,1/8,1/8,1/8,1/8,1/8,1/8,1/8,1/8,1/8,1/8,1/8,1/8,1/8,1/8,1/8,1/8,1/8,1/8,1/8,1/8,1/8,1/8,1/8,1/8,1/8,1/8,1/8,1/8,1/8,1/8,1/8,1/8,1/8,1/8,1/8,1/8,1/8,1/8,1/8,3/8,3/8,1/8,1/8,1/8,1/8,1/8,1/8,1/8,1/8,1/8,1/8,1/8,1/8,1/8,1/8,1/8,1/8,1/8,1/8,1/8,1/8,1/8,1/8,1/8,1/8,1/8,1/8,1/8,1/8,1/8,1/8,1/8,1/8,1/8,1/8,1/8,1/8,1/8,1/8,1/8,1/8,1/8,1/8,3/8,3/8,1/8,1/8,1/8,1/8,1/8,1/8,1/8,1/8,1/8,1/8,1/8,1/8,1/8,1/8,1/8,1/8,1/8,1/8,1/8,1/8,1/8,1/8,1/8,1/8,1/8,1/8,1/8,1/8,1/8,1/8,3/8,3/8,1/8,1/8,1/8,1/8,1/8,1/8,1/8,1/8,1/8,1/8,1/8,1/8,1/8,1/8,1/8,1/8,1/8,1/8,1/8,1/8,1/8,1/8,1/8,1/8,1/8,1/8,1/8,1/8,1/8,1/8,1/8,1/8,1/8,1/8,1/8,1/8,1/8,1/8,1/8,1/8,1/8,1/8,1/8,3/8,3/8,1/8,1/8,1/8,1/8,1/8,1/8,1/8,1/8,1/8,1/8,1/8,1/8,1/8,1/8,1/8,1/8,1/8,1/8,1/8,1/8,1/8,1/8,1/8,1/8,1/8,1/8,1/8,1/8,1/8,1/8,1/8,1/8,1/8,1/8,1/8,1/8,1/8,1/8,3/8,3/8,1/8,1/8,1/8,1/8,1/8,1/8,1/8,1/8,1/8,1/8,1/8,1/8,1/8,1/8,1/8,1/8,1/8,1/8,1/8,1/8,1/8,1/8,1/8,1/8,1/8,1/8,1/8,1/8,1/8,1/8,1/8,1/8,1/8,1/8,1/8,1/8,1/8,1/8,1/8,1/8,1/8,1/8,1/8,3/8,3/8,1/8,1/8,1/8,1/8,1/8,1/8,1/8,1/8,1/8,1/8,1/8,1/8,1/8,1/8,1/8,1/8,1/8,1/8,1/8,1/8,1/8,1/8,1/8,1/8,1/8,1/8,1/8,1/8,1/8,1/8,1/8,1/8,1/8,1/8,1/8,1/8,1/8,1/8,1/8,1/8,1/8,1/8,3/8,3/8,1/8,1/8,1/8,1/8,1/8,1/8,1/8,1/8,1/8,1/8,1/8,1/8,1/8,1/8,1/8,1/8,1/8,1/8,1/8,1/8,1/8,1/8,1/8,1/8,1/8,1/8,1/8,1/8,1/8,1/8,1/8,1/8,1/8,1/8,1/8,3/8,3/8,1/8,1/8,1/8,1/8,1/8,1/8,1/8,1/8,1/8,1/8,1/8,1/8,1/8,1/8,1/8,1/8,1/8,1/8,1/8,1/8,1/8,1/8,1/8,1/8,1/8,1/8,1/8,1/8,1/8,1/8,1/8,1/8,1/8,1/8,1/8,1/8,1/8,1/8,1/8,1/8,1/8,1/8,1/8,3/8,3/8,1/8,1/8,1/8,1/8,1/8,1/8,1/8,1/8,1/8,1/8,1/8,1/8,1/8,1/8,1/8,1/8,1/8,1/8,1/8,1/8,1/8,1/8,1/8,1/8,1/8,1/8,1/8,1/8,1/8,1/8,1/8,1/8,1/8,1/8,1/8,1/8,1/8,1/8,3/8,3/8,1/8,1/8,1/8,1/8,1/8,1/8,1/8,1/8,1/8,1/8,1/8,1/8,1/8,1/8,1/8,1/8,1/8,1/8,1/8,1/8,1/8,1/8,1/8,1/8,1/8,1/8,1/8,1/8,1/8,1/8,1/8,1/8,1/8,1/8,1/8,1/8,1/8,1/8,1/8,1/8,1/8,1/8,1/8,3/8,3/8,1/8,1/8,1/8,1/8,1/8,1/8,1/8,1/8,1/8,1/8,1/8,1/8,1/8,1/8,1/8,1/8,1/8,1/8,1/8,1/8,1/8,1/8,1/8,1/8,1/8,1/8,1/8,1/8,1/8,1/8,1/8,1/8,1/8,1/8,1/8,1/8,1/8,1/8,1/8,1/8,1/8,1/8,3/8,3/8
The Scotch Ramble,9,379/16,200,0,0,0,0,4,7,4,0,4,2,2,2,11,2,5,4,2,0,0,0,0,4,7,4,5,2,4,7,2,4,0,0,0,0,0,0,0,0,4,7,4,0,4,2,2,2,11,2,5,4,2,0,0,0,0,4,7,4,5,2,4,7,2,4,0,0,0,0,4,7,7,9,11,0,7,4,0,7,4,0,2,2,2,2,5,4,0,7,0,0,7,4,0,4,7,2,4,0,0,0,0,0,0,4,7,4,0,4,2,2,2,11,2,5,4,2,0,0,0,0,4,7,4,5,2,4,7,2,4,0,0,0,0,0,0,0,0,4,7,4,0,4,2,2,2,11,2,5,4,2,0,0,0,0,4,7,4,5,2,4,7,2,4,0,0,0,0,4,7,7,9,11,0,7,4,0,7,4,0,2,2,2,2,5,4,0,7,0,0,7,4,0,4,7,2,4,0,0,0,0,1/16,1/16,1/8,1/8,1/8,1/8,1/8,1/8,1/8,1/16,1/16,1/8,1/8,1/8,1/4,1/8,1/8,1/16,1/16,1/8,1/8,1/8,1/8,1/8,1/8,1/8,3/16,1/16,1/8,1/8,1/16,1/16,1/8,1/4,1/16,1/16,1/8,1/8,1/8,1/8,1/8,1/8,1/8,1/16,1/16,1/8,1/8,1/8,1/4,1/8,1/8,1/16,1/16,1/8,1/8,1/8,1/8,1/8,1/8,1/8,3/16,1/16,1/8,1/8,1/16,1/16,1/8,1/4,1/8,1/8,1/8,1/16,1/16,1/4,1/8,1/8,1/8,1/8,1/8,1/8,1/16,1/16,1/8,1/8,1/8,1/8,1/8,1/8,1/8,1/8,1/8,1/8,1/8,3/16,1/16,1/8,1/8,1/16,1/16,1/8,1/16,1/8,1/8,1/8,1/8,1/8,1/8,1/8,1/16,1/16,1/8,1/8,1/8,1/4,1/8,1/8,1/16,1/16,1/8,1/8,1/8,1/8,1/8,1/8,1/8,3/16,1/16,1/8,1/8,1/16,1/16,1/8,1/4,1/16,1/16,1/8,1/8,1/8,1/8,1/8,1/8,1/8,1/16,1/16,1/8,1/8,1/8,1/4,1/8,1/8,1/16,1/16,1/8,1/8,1/8,1/8,1/8,1/8,1/8,3/16,1/16,1/8,1/8,1/16,1/16,1/8,1/4,1/8,1/8,1/8,1/16,1/16,1/4,1/8,1/8,1/8,1/8,1/8,1/8,1/16,1/16,1/8,1/8,1/8,1/8,1/8,1/8,1/8,1/8,1/8,1/8,1/8,3/16,1/16,1/8,1/8,1/16,1/16,1/8,1/4
Sallylun Jig,2,18,116,0,0,4,7,2,2,5,9,2,0,2,5,4,2,0,11,9,7,9,11,0,0,11,0,2,2,1,2,2,0,2,5,2,0,7,11,2,0,0,0,4,7,2,2,5,9,2,0,2,5,4,2,0,11,9,7,9,11,0,0,11,0,2,2,1,2,2,0,2,5,2,0,7,11,2,0,11,0,2,0,2,4,2,4,5,7,4,0,9,7,5,7,0,4,7,5,4,2,0,0,11,0,2,2,1,2,2,0,2,5,2,0,7,11,2,0,3/8,1/8,1/8,1/8,3/8,1/8,1/8,1/8,1/8,1/8,1/8,1/8,1/8,1/8,1/8,1/8,1/8,1/8,1/8,1/8,3/8,1/8,1/8,1/8,3/8,1/8,1/8,1/8,1/8,1/8,1/8,1/8,1/8,1/8,1/8,1/8,1/8,3/8,3/8,1/8,1/8,1/8,3/8,1/8,1/8,1/8,1/8,1/8,1/8,1/8,1/8,1/8,1/8,1/8,1/8,1/8,1/8,1/8,3/8,1/8,1/8,1/8,3/8,1/8,1/8,1/8,1/8,1/8,1/8,1/8,1/8,1/8,1/8,1/8,1/8,3/8,1/8,1/8,1/8,1/8,1/8,1/8,1/8,1/8,1/8,1/8,1/8,1/8,1/8,1/8,1/8,1/8,1/8,1/8,1/8,1/8,1/8,3/8,3/8,1/8,1/8,1/8,3/8,1/8,1/8,1/8,1/8,1/8,1/8,1/8,1/8,1/8,1/8,1/8,1/8,3/8
Racoon Reel,9,189/8,260,4,4,5,7,7,9,7,7,9,7,5,4,5,7,7,9,7,7,9,7,4,2,3,4,4,5,7,7,9,7,7,9,7,5,4,5,7,7,9,7,5,4,2,0,4,4,5,7,7,9,7,7,9,7,5,4,5,7,7,9,7,7,9,7,4,2,3,4,4,5,7,7,9,7,7,9,7,5,4,5,7,7,9,7,5,4,2,0,10,11,0,4,4,7,4,4,7,4,0,10,0,4,4,7,4,4,7,4,10,3,10,11,0,4,4,7,4,4,7,4,0,10,0,4,4,7,4,0,10,9,5,5,7,7,9,7,7,9,7,5,4,5,7,7,9,7,7,9,7,4,2,3,4,4,5,7,7,9,7,7,9,7,5,4,5,7,7,9,7,5,4,2,0,4,4,5,7,7,9,7,7,9,7,5,4,5,7,7,9,7,7,9,7,4,2,3,4,4,5,7,7,9,7,7,9,7,5,4,5,7,7,9,7,5,4,2,0,10,11,0,4,4,7,4,4,7,4,0,10,0,4,4,7,4,4,7,4,10,3,10,11,0,4,4,7,4,4,7,4,0,10,0,4,4,7,4,0,10,9,5,1/8,1/16,1/16,1/8,1/16,1/16,1/8,1/16,1/16,1/16,1/16,1/16,1/16,1/8,1/16,1/16,1/8,1/16,1/16,1/8,1/8,1/8,1/8,1/8,1/16,1/16,1/8,1/16,1/16,1/8,1/16,1/16,1/16,1/16,1/16,1/16,1/8,1/16,1/16,1/8,1/8,1/8,1/8,1/4,1/8,1/16,1/16,1/8,1/16,1/16,1/8,1/16,1/16,1/16,1/16,1/16,1/16,1/8,1/16,1/16,1/8,1/16,1/16,1/8,1/8,1/8,1/8,1/8,1/16,1/16,1/8,1/16,1/16,1/8,1/16,1/16,1/16,1/16,1/16,1/16,1/8,1/16,1/16,1/8,1/8,1/8,1/8,1/4,1/8,1/16,1/16,1/8,1/16,1/16,1/8,1/16,1/16,1/16,1/16,1/16,1/16,1/8,1/16,1/16,1/8,1/16,1/16,1/8,1/8,1/4,1/8,1/16,1/16,1/8,1/16,1/16,1/8,1/16,1/16,1/16,1/16,1/16,1/16,1/8,1/16,1/16,1/8,1/8,1/8,1/8,1/16,1/16,1/8,1/16,1/16,1/8,1/16,1/16,1/16,1/16,1/16,1/16,1/8,1/16,1/16,1/8,1/16,1/16,1/8,1/8,1/8,1/8,1/8,1/16,1/16,1/8,1/16,1/16,1/8,1/16,1/16,1/16,1/16,1/16,1/16,1/8,1/16,1/16,1/8,1/8,1/8,1/8,1/4,1/8,1/16,1/16,1/8,1/16,1/16,1/8,1/16,1/16,1/16,1/16,1/16,1/16,1/8,1/16,1/16,1/8,1/16,1/16,1/8,1/8,1/8,1/8,1/8,1/16,1/16,1/8,1/16,1/16,1/8,1/16,1/16,1/16,1/16,1/16,1/16,1/8,1/16,1/16,1/8,1/8,1/8,1/8,1/4,1/8,1/16,1/16,1/8,1/16,1/16,1/8,1/16,1/16,1/16,1/16,1/16,1/16,1/8,1/16,1/16,1/8,1/16,1/16,1/8,1/8,1/4,1/8,1/16,1/16,1/8,1/16,1/16,1/8,1/16,1/16,1/16,1/16,1/16,1/16,1/8,1/16,1/16,1/8,1/8,1/8,1/8,1/4
The Polygon,2,143/8,136,4,5,7,4,0,2,11,7,0,9,5,4,2,0,4,7,9,5,4,2,4,0,11,4,5,7,4,0,2,11,7,0,9,5,4,2,0,4,7,9,5,4,2,0,11,0,4,5,7,4,0,2,11,7,0,9,5,4,2,0,4,7,9,5,4,2,4,0,11,4,5,7,4,0,2,11,7,0,9,5,4,2,0,4,7,9,5,4,2,0,11,0,7,11,2,5,2,11,7,0,4,7,4,0,7,11,2,5,2,11,9,2,0,11,7,11,2,5,2,11,7,0,4,7,4,0,7,11,7,9,5,4,2,0,11,0,1/16,1/16,1/8,1/8,1/8,1/8,1/8,1/8,1/8,1/8,1/8,1/4,1/8,1/8,1/8,1/8,1/8,1/8,1/8,1/8,1/8,1/8,1/4,1/16,1/16,1/8,1/8,1/8,1/8,1/8,1/8,1/8,1/8,1/8,1/4,1/8,1/8,1/8,1/8,1/8,1/8,1/8,1/8,1/8,1/8,1/4,1/16,1/16,1/8,1/8,1/8,1/8,1/8,1/8,1/8,1/8,1/8,1/4,1/8,1/8,1/8,1/8,1/8,1/8,1/8,1/8,1/8,1/8,1/4,1/16,1/16,1/8,1/8,1/8,1/8,1/8,1/8,1/8,1/8,1/8,1/4,1/8,1/8,1/8,1/8,1/8,1/8,1/8,1/8,1/8,1/8,1/4,1/8,1/8,1/8,1/8,1/8,1/8,1/8,1/8,1/8,1/8,1/8,1/8,1/8,1/8,1/8,1/8,1/8,1/8,1/8,1/8,1/8,3/8,1/8,1/8,1/8,1/8,1/8,1/8,1/8,1/8,1/8,1/8,1/8,1/8,1/8,1/8,1/8,1/8,1/8,1/8,1/8,1/8,1/8,1/4
Paddy in Flow,2,143/8,141,7,0,2,0,4,7,9,10,9,7,7,0,7,0,2,0,4,7,9,10,7,5,5,7,0,2,0,4,7,9,10,9,7,7,0,2,4,5,4,2,0,10,7,0,11,0,7,4,0,2,0,4,7,9,10,9,7,7,0,7,0,2,0,4,7,9,10,7,5,5,7,0,2,0,4,7,9,10,9,7,7,0,2,4,5,4,2,0,10,7,0,11,0,2,4,5,4,2,2,4,2,2,7,6,7,2,11,7,11,2,5,4,2,2,7,6,9,6,2,5,4,2,2,4,2,2,7,6,7,2,11,7,11,2,5,4,2,2,7,2,7,1/8,1/8,1/8,1/8,1/8,1/8,1/8,1/8,1/8,1/8,1/8,1/8,1/8,1/8,1/8,1/8,1/8,1/8,1/8,1/8,1/8,1/8,1/4,1/8,1/8,1/8,1/8,1/8,1/8,1/8,1/8,1/8,1/8,1/8,1/8,1/8,1/8,1/8,1/8,1/8,1/8,1/8,1/8,1/8,1/8,1/8,1/8,1/8,1/8,1/8,1/8,1/8,1/8,1/8,1/8,1/8,1/8,1/8,1/8,1/8,1/8,1/8,1/8,1/8,1/8,1/8,1/8,1/8,1/8,1/4,1/8,1/8,1/8,1/8,1/8,1/8,1/8,1/8,1/8,1/8,1/8,1/8,1/8,1/8,1/8,1/8,1/8,1/8,1/8,1/8,1/8,1/8,1/8,1/8,1/8,1/8,1/8,1/8,1/8,1/8,1/8,1/8,1/8,1/8,1/8,1/8,1/8,1/8,1/8,1/8,1/8,1/8,1/8,1/8,1/8,1/8,1/8,1/8,1/8,1/8,1/8,1/8,1/8,1/8,1/8,1/8,1/8,1/8,1/8,1/8,1/8,1/8,1/8,1/8,1/8,1/8,1/8,1/8,1/8,1/8,1/8
One More Dance \& Then,7,13/2,40,4,5,7,9,7,4,0,4,5,7,9,7,4,5,2,4,5,7,9,7,4,0,11,9,7,9,7,5,4,0,0,7,7,0,0,2,7,0,7,0,1/8,1/8,3/16,1/16,1/8,1/8,1/4,1/8,1/8,3/16,1/16,1/8,1/8,1/8,1/4,1/16,1/16,3/16,1/16,1/8,1/8,1/8,1/8,1/8,1/8,1/8,1/8,1/8,1/8,1/4,1/4,1/4,1/4,1/4,1/4,1/4,1/4,1/4,1/4,1/4
Old Man of Mow,7,585/8,492,0,2,4,4,4,2,4,5,5,5,7,5,4,4,4,2,0,2,2,0,2,4,5,4,4,2,4,5,7,5,5,4,5,4,2,4,2,0,2,0,0,2,4,4,4,2,4,5,5,5,7,5,4,4,4,2,0,2,2,0,2,4,5,4,4,2,4,5,7,5,5,4,5,4,2,4,2,0,2,0,0,7,7,4,7,7,4,0,9,5,9,9,5,0,7,4,7,7,4,0,5,2,5,5,2,0,7,4,7,7,4,0,9,5,9,9,5,0,7,4,7,5,4,2,0,0,7,4,4,2,4,5,5,5,7,5,4,4,4,2,0,2,2,0,2,4,5,4,4,2,4,5,7,5,5,4,5,4,2,4,2,0,2,0,0,2,4,4,4,2,4,5,5,5,7,5,4,4,4,2,0,2,2,0,2,4,5,4,4,2,4,5,7,5,5,4,5,4,2,4,2,0,2,0,0,7,7,4,7,7,4,0,9,5,9,9,5,0,7,4,7,7,4,0,5,2,5,5,2,0,7,4,7,7,4,0,9,5,9,9,5,0,7,4,7,5,4,2,0,0,5,5,7,5,4,4,4,2,0,2,2,0,2,4,5,4,4,2,4,5,7,5,5,4,5,4,2,4,2,0,2,0,0,2,4,4,4,2,4,5,5,5,7,5,4,4,4,2,0,2,2,0,2,4,5,4,4,2,4,5,7,5,5,4,5,4,2,4,2,0,2,0,0,7,7,4,7,7,4,0,9,5,9,9,5,0,7,4,7,7,4,0,5,2,5,5,2,0,7,4,7,7,4,0,9,5,9,9,5,0,7,4,7,5,4,2,0,0,7,4,4,2,4,5,5,5,7,5,4,4,4,2,0,2,2,0,2,4,5,4,4,2,4,5,7,5,5,4,5,4,2,4,2,0,2,0,0,2,4,4,4,2,4,5,5,5,7,5,4,4,4,2,0,2,2,0,2,4,5,4,4,2,4,5,7,5,5,4,5,4,2,4,2,0,2,0,0,7,7,4,7,7,4,0,9,5,9,9,5,0,7,4,7,7,4,0,5,2,5,5,2,0,7,4,7,7,4,0,9,5,9,9,5,0,7,4,7,5,4,2,0,0,1/4,1/8,1/4,1/8,1/8,1/8,1/8,1/4,1/8,1/8,1/8,1/8,1/4,1/8,1/8,1/8,1/8,3/8,1/8,1/8,1/8,1/8,1/8,1/8,1/8,1/8,1/8,1/8,1/8,1/8,1/8,1/8,1/8,1/8,1/8,1/8,1/8,1/8,1/8,3/8,1/4,1/8,1/4,1/8,1/8,1/8,1/8,1/4,1/8,1/8,1/8,1/8,1/4,1/8,1/8,1/8,1/8,3/8,1/8,1/8,1/8,1/8,1/8,1/8,1/8,1/8,1/8,1/8,1/8,1/8,1/8,1/8,1/8,1/8,1/8,1/8,1/8,1/8,1/8,3/8,1/4,1/8,1/8,1/8,1/8,1/8,1/8,1/8,1/8,1/8,1/8,1/8,1/8,1/8,1/8,1/8,1/8,1/8,1/8,1/8,1/8,1/8,1/8,1/8,1/8,1/8,1/8,1/8,1/8,1/8,1/8,1/8,1/8,1/8,1/8,1/8,1/8,1/8,1/8,1/8,1/8,1/8,1/8,1/8,3/8,1/4,1/8,1/8,1/8,1/8,1/8,1/4,1/8,1/8,1/8,1/8,1/4,1/8,1/8,1/8,1/8,3/8,1/8,1/8,1/8,1/8,1/8,1/8,1/8,1/8,1/8,1/8,1/8,1/8,1/8,1/8,1/8,1/8,1/8,1/8,1/8,1/8,1/8,3/8,1/4,1/8,1/4,1/8,1/8,1/8,1/8,1/4,1/8,1/8,1/8,1/8,1/4,1/8,1/8,1/8,1/8,3/8,1/8,1/8,1/8,1/8,1/8,1/8,1/8,1/8,1/8,1/8,1/8,1/8,1/8,1/8,1/8,1/8,1/8,1/8,1/8,1/8,1/8,3/8,1/4,1/8,1/8,1/8,1/8,1/8,1/8,1/8,1/8,1/8,1/8,1/8,1/8,1/8,1/8,1/8,1/8,1/8,1/8,1/8,1/8,1/8,1/8,1/8,1/8,1/8,1/8,1/8,1/8,1/8,1/8,1/8,1/8,1/8,1/8,1/8,1/8,1/8,1/8,1/8,1/8,1/8,1/8,1/8,3/8,11/4,1/8,1/8,1/8,1/8,1/4,1/8,1/8,1/8,1/8,3/8,1/8,1/8,1/8,1/8,1/8,1/8,1/8,1/8,1/8,1/8,1/8,1/8,1/8,1/8,1/8,1/8,1/8,1/8,1/8,1/8,1/8,3/8,1/4,1/8,1/4,1/8,1/8,1/8,1/8,1/4,1/8,1/8,1/8,1/8,1/4,1/8,1/8,1/8,1/8,3/8,1/8,1/8,1/8,1/8,1/8,1/8,1/8,1/8,1/8,1/8,1/8,1/8,1/8,1/8,1/8,1/8,1/8,1/8,1/8,1/8,1/8,3/8,1/4,1/8,1/8,1/8,1/8,1/8,1/8,1/8,1/8,1/8,1/8,1/8,1/8,1/8,1/8,1/8,1/8,1/8,1/8,1/8,1/8,1/8,1/8,1/8,1/8,1/8,1/8,1/8,1/8,1/8,1/8,1/8,1/8,1/8,1/8,1/8,1/8,1/8,1/8,1/8,1/8,1/8,1/8,1/8,3/8,1/4,1/8,1/8,1/8,1/8,1/8,1/4,1/8,1/8,1/8,1/8,1/4,1/8,1/8,1/8,1/8,3/8,1/8,1/8,1/8,1/8,1/8,1/8,1/8,1/8,1/8,1/8,1/8,1/8,1/8,1/8,1/8,1/8,1/8,1/8,1/8,1/8,1/8,3/8,1/4,1/8,1/4,1/8,1/8,1/8,1/8,1/4,1/8,1/8,1/8,1/8,1/4,1/8,1/8,1/8,1/8,3/8,1/8,1/8,1/8,1/8,1/8,1/8,1/8,1/8,1/8,1/8,1/8,1/8,1/8,1/8,1/8,1/8,1/8,1/8,1/8,1/8,1/8,3/8,1/4,1/8,1/8,1/8,1/8,1/8,1/8,1/8,1/8,1/8,1/8,1/8,1/8,1/8,1/8,1/8,1/8,1/8,1/8,1/8,1/8,1/8,1/8,1/8,1/8,1/8,1/8,1/8,1/8,1/8,1/8,1/8,1/8,1/8,1/8,1/8,1/8,1/8,1/8,1/8,1/8,1/8,1/8,1/8,3/8,1/4
Major O'Flacherty,0,61/8,56,7,5,4,7,0,0,2,11,7,5,4,2,5,9,2,5,4,2,4,0,11,9,11,4,7,0,0,2,11,7,5,4,2,5,9,2,5,2,7,0,7,0,0,7,2,7,2,2,7,0,7,2,7,2,7,0,1/16,1/16,1/8,1/8,1/8,3/8,1/8,1/8,1/8,1/4,1/8,1/8,1/8,1/8,1/8,1/8,1/8,1/8,1/8,1/8,1/8,1/8,1/8,1/8,1/8,1/8,3/8,1/8,1/8,1/8,1/4,1/8,1/8,1/8,1/8,1/8,1/8,1/8,1/8,1/8,1/8,1/8,1/8,1/8,1/8,1/8,1/8,1/8,1/8,1/8,1/8,1/8,1/8,1/8,1/8,1/8
MacDonald's Jig,9,18,129,7,7,5,4,2,4,0,11,0,5,9,7,7,5,9,5,7,4,0,10,2,5,7,7,5,4,2,4,0,11,0,5,9,7,0,4,2,4,5,7,9,11,0,7,7,5,4,2,4,0,11,0,5,9,7,7,5,9,5,7,4,0,10,2,5,7,7,5,4,2,4,0,11,0,5,9,7,0,4,2,4,5,7,9,11,0,2,4,2,2,7,5,4,2,0,2,11,7,9,11,0,0,11,9,7,4,0,2,4,7,0,11,9,4,0,11,0,5,9,7,0,4,2,4,5,7,9,11,0,1/4,1/8,1/8,1/8,1/8,1/8,1/8,1/8,1/8,1/8,1/8,1/4,1/8,1/8,1/8,1/8,1/8,1/8,1/8,1/8,1/8,1/8,1/4,1/8,1/8,1/8,1/8,1/8,1/8,1/8,1/8,1/8,1/8,1/8,1/8,1/8,1/8,1/8,1/8,1/8,1/8,1/8,3/8,1/4,1/8,1/8,1/8,1/8,1/8,1/8,1/8,1/8,1/8,1/8,1/4,1/8,1/8,1/8,1/8,1/8,1/8,1/8,1/8,1/8,1/8,1/4,1/8,1/8,1/8,1/8,1/8,1/8,1/8,1/8,1/8,1/8,1/8,1/8,1/8,1/8,1/8,1/8,1/8,1/8,1/8,3/8,1/8,1/8,1/8,1/8,1/8,1/8,1/8,1/8,1/8,1/8,1/8,1/8,1/8,1/8,1/8,1/8,1/8,1/8,1/8,1/8,1/8,3/8,1/4,1/8,1/8,1/8,1/8,1/8,1/8,1/8,1/8,1/8,1/8,1/8,1/8,1/8,1/8,1/8,1/8,1/8,1/8,1/8,3/8
London,9,509/16,251,7,0,7,5,2,0,2,4,5,4,5,7,9,11,0,9,7,9,7,4,9,11,0,9,7,4,2,4,0,0,0,0,7,0,7,5,2,0,2,4,5,4,5,7,9,11,0,9,7,9,7,4,9,11,0,9,7,4,2,4,0,0,0,0,4,7,0,7,2,7,6,7,4,7,0,7,2,7,7,4,7,0,7,2,6,9,0,11,9,7,6,7,7,7,7,0,7,5,2,0,2,4,5,4,5,7,9,11,0,9,7,9,7,4,9,11,0,9,7,4,2,4,0,0,0,0,7,0,7,5,2,0,2,4,5,4,5,7,9,11,0,9,7,9,7,4,9,11,0,9,7,4,2,4,0,0,0,0,4,7,0,7,2,7,6,7,4,7,0,7,2,7,7,4,7,0,7,2,6,9,0,11,9,7,6,7,7,7,7,0,0,0,11,9,9,9,7,4,7,0,4,2,7,7,0,0,0,11,9,9,9,4,2,0,2,4,0,0,0,0,4,7,0,4,9,0,5,9,7,4,7,4,2,7,7,4,7,0,4,9,0,5,9,7,4,2,4,0,0,0,0,3/16,1/16,1/8,1/8,3/16,1/16,1/8,1/8,3/16,1/16,1/8,1/8,1/8,1/8,1/8,1/8,1/8,1/8,1/8,1/8,1/8,1/8,1/8,1/8,1/8,1/8,1/8,1/8,1/8,1/16,1/16,1/4,3/16,1/16,1/8,1/8,3/16,1/16,1/8,1/8,3/16,1/16,1/8,1/8,1/8,1/8,1/8,1/8,1/8,1/8,1/8,1/8,1/8,1/8,1/8,1/8,1/8,1/8,1/8,1/8,1/8,1/16,1/16,1/4,1/8,1/8,1/8,1/8,1/8,1/8,1/8,1/8,1/8,1/8,1/8,1/8,1/8,1/8,1/4,1/8,1/8,1/8,1/8,1/8,1/8,1/8,1/8,1/8,1/8,1/8,1/8,1/8,1/16,1/16,1/4,1/16,1/8,1/8,3/16,1/16,1/8,1/8,3/16,1/16,1/8,1/8,1/8,1/8,1/8,1/8,1/8,1/8,1/8,1/8,1/8,1/8,1/8,1/8,1/8,1/8,1/8,1/8,1/8,1/16,1/16,1/4,3/16,1/16,1/8,1/8,3/16,1/16,1/8,1/8,3/16,1/16,1/8,1/8,1/8,1/8,1/8,1/8,1/8,1/8,1/8,1/8,1/8,1/8,1/8,1/8,1/8,1/8,1/8,1/8,1/8,1/16,1/16,1/4,1/8,1/8,1/8,1/8,1/8,1/8,1/8,1/8,1/8,1/8,1/8,1/8,1/8,1/8,1/4,1/8,1/8,1/8,1/8,1/8,1/8,1/8,1/8,1/8,1/8,1/8,1/8,1/8,1/16,1/16,1/4,1/8,1/8,1/8,1/8,1/8,1/8,1/8,1/8,1/8,1/8,1/8,1/8,1/8,1/8,1/4,1/8,1/8,1/8,1/8,1/8,1/8,1/8,1/8,1/8,1/8,1/8,1/8,1/8,1/16,1/16,1/4,1/8,1/8,1/8,1/8,1/8,1/8,1/8,1/8,1/8,1/8,1/8,1/8,1/8,1/8,1/4,1/8,1/8,1/8,1/8,1/8,1/8,1/8,1/8,1/8,1/8,1/8,1/8,1/8,1/16,1/16,1/4
Hopwas Hornpipe,7,255/2,176,4,5,7,7,4,0,11,0,4,7,9,7,4,0,5,7,8,9,9,6,2,1,2,5,9,11,9,5,2,6,7,9,7,2,11,7,11,2,7,9,11,9,7,5,4,2,0,4,7,4,5,2,11,2,0,0,0,4,5,7,7,4,0,11,0,4,7,9,7,4,0,5,7,8,9,9,6,2,1,2,5,9,11,9,5,2,6,7,9,7,2,11,7,11,2,7,9,11,9,7,5,4,2,0,4,7,4,5,2,11,2,0,0,0,4,2,0,11,4,3,4,8,4,2,4,11,4,2,4,11,4,2,4,9,4,3,4,7,4,2,4,9,4,2,4,9,4,2,4,9,2,1,2,6,2,0,2,9,2,0,2,9,4,2,4,5,2,1,5,2,0,5,2,7,0,0,3/4,1/4,1,3/4,1/4,3/4,1/4,3/4,1/4,3/4,1/4,3/4,1/4,23/2,1/2,1/2,1/2,1,3/4,1/4,3/4,1/4,3/4,1/4,3/4,1/4,3/4,1/4,1,1,3/4,1/4,3/4,1/4,3/4,1/4,3/4,1/4,3/4,1/4,3/4,1/4,3/4,1/4,3/4,1/4,3/4,1/4,3/4,1/4,3/4,1/4,3/4,1/4,1,1,1,3/4,1/4,1,3/4,1/4,3/4,1/4,3/4,1/4,3/4,1/4,3/4,1/4,23/2,1/2,1/2,1/2,1,3/4,1/4,3/4,1/4,3/4,1/4,3/4,1/4,3/4,1/4,1,1,3/4,1/4,3/4,1/4,3/4,1/4,3/4,1/4,3/4,1/4,3/4,1/4,3/4,1/4,3/4,1/4,3/4,1/4,3/4,1/4,3/4,1/4,3/4,1/4,1,1,23/2,1/2,1/2,1/2,3/4,1/4,3/4,1/4,3/4,1/4,3/4,1/4,3/4,1/4,3/4,1/4,3/4,1/4,3/4,1/4,3/4,1/4,3/4,1/4,3/4,1/4,3/4,1/4,3/4,1/4,3/4,1/4,3/4,1/4,3/4,1/4,3/4,1/4,3/4,1/4,3/4,1/4,3/4,1/4,3/4,1/4,3/4,1/4,3/4,1/4,3/4,1/4,3/4,1/4,3/4,1/4,3/4,1/4,3/4,1/4,1/2,1/2,1/2
Harper's Frolick,2,57/8,46,7,7,4,0,7,4,7,0,0,11,0,2,11,0,11,0,2,0,7,4,7,0,7,4,7,0,0,11,0,2,0,11,0,0,2,7,0,9,2,7,0,2,7,0,7,0,1/8,1/8,1/8,1/8,1/8,1/8,1/8,1/8,1/8,1/8,1/8,1/8,1/8,1/16,1/16,1/16,1/16,1/8,1/8,1/8,1/8,1/8,1/8,1/8,1/8,1/8,1/8,1/8,1/8,1/8,1/16,1/16,1/4,1/4,1/4,1/4,1/4,1/4,1/4,1/4,1/4,1/4,1/4,1/4,1/4,1/4
The Frantocini,5,285/8,205,0,7,7,7,9,4,4,4,2,5,4,2,4,0,11,0,2,7,0,7,7,7,9,4,4,4,0,11,9,7,2,4,6,7,7,0,7,7,7,9,4,4,4,2,5,4,2,4,0,11,0,2,7,0,7,7,7,9,4,4,4,0,11,9,7,2,4,6,7,7,2,7,7,7,4,7,7,7,9,7,5,4,2,0,11,0,2,7,0,7,7,7,9,4,4,4,2,5,4,2,0,11,0,0,7,9,4,4,4,2,5,4,2,4,0,11,0,2,7,0,7,7,7,9,4,4,4,0,11,9,7,2,4,6,7,7,0,7,7,7,9,4,4,4,2,5,4,2,4,0,11,0,2,7,0,7,7,7,9,4,4,4,0,11,9,7,2,4,6,7,7,2,7,7,7,4,7,7,7,9,7,5,4,2,0,11,0,2,7,0,7,7,7,9,4,4,4,2,5,4,2,0,11,0,0,1/8,1/8,1/8,3/8,1/8,1/8,1/8,3/8,1/8,1/8,1/8,1/8,1/8,1/8,1/8,1/8,1/8,3/8,1/8,1/8,1/8,3/8,1/8,1/8,1/8,1/4,1/8,1/8,1/8,1/8,1/8,1/8,1/8,3/8,3/8,1/8,1/8,1/8,3/8,1/8,1/8,1/8,3/8,1/8,1/8,1/8,1/8,1/8,1/8,1/8,1/8,1/8,3/8,1/8,1/8,1/8,3/8,1/8,1/8,1/8,1/4,1/8,1/8,1/8,1/8,1/8,1/8,1/8,3/8,3/8,1/8,1/8,1/8,3/8,1/8,1/8,1/8,3/8,1/8,1/8,1/8,1/8,1/8,1/8,1/8,1/8,1/8,3/8,1/8,1/8,1/8,3/8,1/8,1/8,1/8,3/8,1/8,1/8,1/8,1/8,1/8,1/8,3/8,3/8,3/8,1/8,1/8,1/8,3/8,1/8,1/8,1/8,1/8,1/8,1/8,1/8,1/8,1/8,3/8,1/8,1/8,1/8,3/8,1/8,1/8,1/8,1/4,1/8,1/8,1/8,1/8,1/8,1/8,1/8,3/8,3/8,1/8,1/8,1/8,3/8,1/8,1/8,1/8,3/8,1/8,1/8,1/8,1/8,1/8,1/8,1/8,1/8,1/8,3/8,1/8,1/8,1/8,3/8,1/8,1/8,1/8,1/4,1/8,1/8,1/8,1/8,1/8,1/8,1/8,3/8,3/8,1/8,1/8,1/8,3/8,1/8,1/8,1/8,3/8,1/8,1/8,1/8,1/8,1/8,1/8,1/8,1/8,1/8,3/8,1/8,1/8,1/8,3/8,1/8,1/8,1/8,3/8,1/8,1/8,1/8,1/8,1/8,1/8,3/8,3/8
Fradley Reel,0,7395/184,305,7,0,2,4,0,9,0,5,0,2,4,0,11,2,2,4,2,0,4,2,0,2,0,11,0,2,7,4,0,0,11,0,2,4,0,9,0,5,0,2,4,0,11,2,2,4,2,0,4,2,0,2,0,11,0,2,7,4,0,0,11,0,9,0,2,11,7,11,0,9,0,11,2,7,2,0,9,0,11,2,7,2,4,0,9,6,7,2,11,7,0,9,0,2,11,7,11,0,9,0,11,2,7,2,0,9,0,11,2,7,2,4,0,9,6,7,2,11,7,0,9,9,9,9,9,11,0,2,4,2,4,6,7,2,11,7,0,9,9,9,9,9,11,0,2,4,11,8,11,4,11,7,4,0,9,9,9,9,9,11,0,2,4,2,4,6,7,9,11,7,6,4,2,4,6,7,9,11,0,9,6,2,7,0,9,0,2,11,7,11,0,9,0,11,2,7,2,0,9,0,11,2,7,2,4,0,9,6,7,2,11,7,0,9,0,2,11,7,11,0,9,0,11,2,7,2,0,9,0,11,2,7,2,4,0,9,6,7,2,11,7,0,9,9,9,9,9,11,0,2,4,2,4,6,7,2,11,7,0,9,9,9,9,9,11,0,2,4,11,8,11,4,11,7,4,0,9,9,9,9,9,11,0,2,4,2,4,6,7,9,11,7,6,4,2,4,6,7,9,11,0,9,6,2,7,1/8,1/8,1/8,1/8,1/8,1/8,1/8,1/4,1/8,1/8,1/8,1/8,1/8,1/8,1/4,1/8,1/8,1/8,1/8,1/8,1/8,1/8,1/8,1/8,1/8,1/8,1/8,1/8,1/8,1/8,1/8,1/8,1/8,1/8,1/8,1/8,1/8,1/4,1/8,1/8,1/8,1/8,1/8,1/8,1/4,1/8,1/8,1/8,1/8,1/8,1/8,1/8,1/8,1/8,1/8,1/8,1/8,1/8,1/8,1/8,1/8,1/4,1/8,1/8,1/8,1/8,1/8,1/8,1/4,1/8,1/8,1/8,1/8,1/8,1/8,1/4,1/8,1/8,1/8,1/8,1/8,1/8,1/8,1/8,1/8,1/8,1/8,1/8,1/8,1/8,1/4,1/8,1/8,1/8,1/8,1/8,1/8,1/4,1/8,1/8,1/8,1/8,1/8,1/8,1/4,1/8,1/8,1/8,1/8,1/8,1/8,1/8,1/8,1/8,1/8,1/8,1/8,1/8,1/8,1/8,1/92,1/8,1/8,1/8,1/8,1/8,1/8,1/8,1/8,1/8,1/8,1/8,1/8,1/8,1/8,1/8,1/8,1/92,1/8,1/8,1/8,1/8,1/8,1/8,1/8,1/8,1/8,1/8,1/8,1/8,1/8,1/8,1/8,1/8,1/92,1/8,1/8,1/8,1/8,1/8,1/8,1/8,1/8,1/8,1/8,1/8,1/8,1/8,1/8,1/8,1/8,1/8,1/8,1/8,1/8,1/8,1/8,1/8,1/8,1/8,1/8,1/8,1/2,1/4,1/8,1/8,1/8,1/8,1/8,1/8,1/4,1/8,1/8,1/8,1/8,1/8,1/8,1/4,1/8,1/8,1/8,1/8,1/8,1/8,1/8,1/8,1/8,1/8,1/8,1/8,1/8,1/8,1/4,1/8,1/8,1/8,1/8,1/8,1/8,1/4,1/8,1/8,1/8,1/8,1/8,1/8,1/4,1/8,1/8,1/8,1/8,1/8,1/8,1/8,1/8,1/8,1/8,1/8,1/8,1/8,1/8,1/8,1/92,1/8,1/8,1/8,1/8,1/8,1/8,1/8,1/8,1/8,1/8,1/8,1/8,1/8,1/8,1/8,1/8,1/92,1/8,1/8,1/8,1/8,1/8,1/8,1/8,1/8,1/8,1/8,1/8,1/8,1/8,1/8,1/8,1/8,1/92,1/8,1/8,1/8,1/8,1/8,1/8,1/8,1/8,1/8,1/8,1/8,1/8,1/8,1/8,1/8,1/8,1/8,1/8,1/8,1/8,1/8,1/8,1/8,1/8,1/8,1/8,1/8,1/2
Flapjack,5,15,110,0,0,0,7,4,9,7,4,9,7,4,4,7,0,7,4,7,0,4,4,9,7,4,9,7,4,4,7,0,7,4,7,0,4,4,9,7,4,9,7,4,6,7,11,7,2,7,5,6,6,7,11,7,2,7,5,6,4,9,7,4,9,7,4,4,7,0,7,4,7,0,4,4,9,7,4,9,7,4,4,7,0,7,4,7,0,4,4,9,7,4,9,7,4,6,7,11,7,2,7,5,6,6,7,11,7,2,7,5,6,1/4,1/4,1/4,1/4,1/8,1/8,1/8,1/8,1/8,1/8,1/4,1/8,1/8,1/8,1/8,1/8,1/8,1/8,1/8,1/8,1/8,1/8,1/8,1/8,1/8,1/4,1/8,1/8,1/8,1/8,1/8,1/8,1/8,1/8,1/8,1/8,1/8,1/8,1/8,1/8,1/4,1/8,1/8,1/8,1/8,1/8,1/8,1/8,1/8,1/8,1/8,1/8,1/8,1/8,1/8,1/8,1/8,1/8,1/8,1/8,1/8,1/8,1/8,1/4,1/8,1/8,1/8,1/8,1/8,1/8,1/8,1/8,1/8,1/8,1/8,1/8,1/8,1/8,1/4,1/8,1/8,1/8,1/8,1/8,1/8,1/8,1/8,1/8,1/8,1/8,1/8,1/8,1/8,1/4,1/8,1/8,1/8,1/8,1/8,1/8,1/8,1/8,1/8,1/8,1/8,1/8,1/8,1/8,1/8,1/8
The Five Wells,5,73/4,110,4,0,4,7,4,5,7,9,7,4,5,7,9,7,4,4,2,0,2,0,4,7,4,5,7,9,7,4,9,11,0,7,4,5,4,2,0,0,4,7,4,5,7,9,7,4,5,7,9,7,4,4,2,0,2,0,4,7,4,5,7,9,7,4,9,11,0,7,4,5,4,2,0,5,2,2,7,5,4,5,2,2,0,11,2,2,7,5,4,5,0,2,2,2,7,5,4,5,2,2,0,11,2,2,7,5,4,5,0,2,1/8,1/4,1/8,1/4,1/8,1/8,1/8,1/8,1/4,1/8,1/8,1/8,1/8,1/4,1/8,1/8,1/8,1/8,3/8,1/4,1/8,1/4,1/8,1/8,1/8,1/8,1/4,1/8,1/8,1/8,1/8,1/4,1/8,1/8,1/8,1/8,3/8,1/4,1/8,1/4,1/8,1/8,1/8,1/8,1/4,1/8,1/8,1/8,1/8,1/4,1/8,1/8,1/8,1/8,3/8,1/4,1/8,1/4,1/8,1/8,1/8,1/8,1/4,1/8,1/8,1/8,1/8,1/4,1/8,1/8,1/8,1/8,3/8,1/8,1/4,1/8,1/4,1/8,1/8,1/8,1/8,1/8,1/8,1/8,1/4,1/8,1/4,1/8,1/8,1/8,1/8,3/8,1/4,1/8,1/4,1/8,1/8,1/8,1/8,1/8,1/8,1/8,1/4,1/8,1/4,1/8,1/8,1/8,1/8,3/8
Falling About,4,5067/92,372,0,0,4,2,0,7,4,9,7,4,7,9,7,9,11,9,7,4,7,9,7,9,11,10,7,5,2,5,7,11,11,9,7,4,7,9,7,9,11,9,7,4,7,9,7,9,11,0,5,9,7,5,2,7,11,9,7,0,0,4,2,0,0,0,0,4,2,0,7,4,9,7,4,7,9,7,9,11,9,7,4,7,9,7,9,11,10,7,5,2,5,7,11,11,9,7,4,7,9,7,9,11,9,7,4,7,9,7,9,11,0,5,9,7,5,2,7,11,9,7,0,0,4,2,0,0,0,0,5,9,7,5,0,9,2,10,3,0,2,0,10,0,0,5,9,7,5,10,3,10,7,0,9,2,0,10,0,0,5,9,7,5,0,9,2,10,3,0,2,0,10,0,5,9,7,5,10,3,7,5,4,5,5,9,7,5,5,4,2,0,7,4,9,7,4,7,9,7,9,10,9,7,4,7,9,7,9,10,10,7,5,2,5,7,10,11,9,7,4,7,9,7,9,10,9,7,4,7,9,7,9,10,0,5,9,7,5,2,7,10,9,7,0,0,4,2,0,0,0,0,4,2,0,7,4,9,7,4,7,9,7,9,10,9,7,4,7,9,7,9,10,10,7,5,2,5,7,10,11,9,7,4,7,9,7,9,10,9,7,4,7,9,7,9,10,0,5,9,7,5,2,7,10,9,7,0,0,4,2,0,0,0,0,5,9,7,5,0,9,2,10,3,0,2,0,10,0,0,5,9,7,5,10,3,10,7,0,9,2,0,10,0,0,5,9,7,5,0,9,2,10,3,0,2,0,10,0,5,9,7,5,10,3,7,5,4,5,5,9,7,5,5,1/4,3/4,1/8,1/8,1/8,1/8,1/8,1/8,1/8,1/8,1/8,1/8,1/8,1/8,1/8,1/8,1/8,1/8,1/8,1/8,1/8,1/8,1/8,1/8,1/8,1/8,1/8,1/8,1/8,1/8,1/8,1/8,1/8,1/8,1/8,1/8,1/8,1/8,1/8,1/8,1/8,1/8,1/8,1/8,1/8,1/8,1/8,1/8,1/92,1/8,1/8,1/8,1/8,1/92,1/8,1/8,1/8,1/8,1/92,1/8,1/8,1/8,1/2,1/4,3/4,1/8,1/8,1/8,1/8,1/8,1/8,1/8,1/8,1/8,1/8,1/8,1/8,1/8,1/8,1/8,1/8,1/8,1/8,1/8,1/8,1/8,1/8,1/8,1/8,1/8,1/8,1/8,1/8,1/8,1/8,1/8,1/8,1/8,1/8,1/8,1/8,1/8,1/8,1/8,1/8,1/8,1/8,1/8,1/8,1/8,1/8,1/92,1/8,1/8,1/8,1/8,1/92,1/8,1/8,1/8,1/8,1/92,1/8,1/8,1/8,1/2,1/2,1/8,1/92,1/8,1/8,1/8,1/8,1/8,1/8,1/8,1/8,1/92,1/8,1/8,1/8,1/2,1/8,1/92,1/8,1/8,1/8,1/8,1/8,1/8,1/8,1/8,1/92,1/8,1/8,1/8,1/2,1/8,1/92,1/8,1/8,1/8,1/8,1/8,1/8,1/8,1/8,1/92,1/8,1/8,1/8,1/8,1/92,1/8,1/8,1/8,1/8,1/92,1/8,1/8,1/8,1/8,1/92,1/8,1/8,1/8,23/4,1/8,1/8,1/8,1/8,1/8,1/8,1/8,1/8,1/8,1/8,1/8,1/8,1/8,1/8,1/8,1/8,1/8,1/8,1/8,1/8,1/8,1/8,1/8,1/8,1/8,1/8,1/8,1/8,1/8,1/8,1/8,1/8,1/8,1/8,1/8,1/8,1/8,1/8,1/8,1/8,1/8,1/8,1/8,1/8,1/8,1/8,1/92,1/8,1/8,1/8,1/8,1/92,1/8,1/8,1/8,1/8,1/92,1/8,1/8,1/8,1/2,1/4,3/4,1/8,1/8,1/8,1/8,1/8,1/8,1/8,1/8,1/8,1/8,1/8,1/8,1/8,1/8,1/8,1/8,1/8,1/8,1/8,1/8,1/8,1/8,1/8,1/8,1/8,1/8,1/8,1/8,1/8,1/8,1/8,1/8,1/8,1/8,1/8,1/8,1/8,1/8,1/8,1/8,1/8,1/8,1/8,1/8,1/8,1/8,1/92,1/8,1/8,1/8,1/8,1/92,1/8,1/8,1/8,1/8,1/92,1/8,1/8,1/8,1/2,1/2,1/8,1/92,1/8,1/8,1/8,1/8,1/8,1/8,1/8,1/8,1/92,1/8,1/8,1/8,1/2,1/8,1/92,1/8,1/8,1/8,1/8,1/8,1/8,1/8,1/8,1/92,1/8,1/8,1/8,1/2,1/8,1/92,1/8,1/8,1/8,1/8,1/8,1/8,1/8,1/8,1/92,1/8,1/8,1/8,1/8,1/92,1/8,1/8,1/8,1/8,1/92,1/8,1/8,1/8,1/8,1/92,1/8,1/8,1/8,1/2
Espresso Polka,7,129/8,147,11,0,7,9,11,9,7,4,5,7,5,4,0,2,11,0,2,4,2,0,7,9,11,9,7,4,5,7,5,4,0,2,11,0,4,0,0,7,9,11,9,7,4,5,7,5,4,0,2,11,0,2,4,2,0,7,9,11,9,7,4,5,7,5,4,0,2,11,0,4,0,0,9,0,11,11,7,0,9,6,11,7,0,9,0,11,7,2,11,0,0,9,0,11,11,7,0,9,6,11,7,0,9,6,11,7,4,6,7,0,9,0,11,11,7,0,9,6,11,7,0,9,0,11,7,2,11,0,0,9,0,11,11,7,0,9,6,11,7,0,9,6,11,7,4,6,7,1/8,1/8,1/8,1/8,1/16,1/16,1/8,1/8,1/8,1/16,1/16,1/8,1/8,1/8,1/8,1/16,1/16,1/8,1/4,1/8,1/8,1/8,1/16,1/16,1/8,1/8,1/8,1/16,1/16,1/8,1/8,1/8,1/8,1/8,1/8,1/4,1/8,1/8,1/8,1/16,1/16,1/8,1/8,1/8,1/16,1/16,1/8,1/8,1/8,1/8,1/16,1/16,1/8,1/4,1/8,1/8,1/8,1/16,1/16,1/8,1/8,1/8,1/16,1/16,1/8,1/8,1/8,1/8,1/8,1/8,1/4,1/8,1/16,1/16,1/8,1/16,1/16,1/8,1/16,1/16,1/8,1/8,1/8,1/16,1/16,1/8,1/8,1/8,1/8,1/4,1/8,1/16,1/16,1/8,1/16,1/16,1/8,1/16,1/16,1/8,1/8,1/8,1/16,1/16,1/8,1/8,1/8,1/8,1/4,1/8,1/16,1/16,1/8,1/16,1/16,1/8,1/16,1/16,1/8,1/8,1/8,1/16,1/16,1/8,1/8,1/8,1/8,1/4,1/8,1/16,1/16,1/8,1/16,1/16,1/8,1/16,1/16,1/8,1/8,1/8,1/16,1/16,1/8,1/8,1/8,1/8,1/4
Duncan's Waltz,0,49,173,7,0,0,2,0,9,7,0,4,2,9,7,4,7,0,9,7,5,4,7,4,2,4,2,0,0,2,0,9,7,0,4,2,9,7,4,7,0,2,5,4,2,9,11,0,0,2,7,4,2,0,9,4,5,7,4,2,0,9,4,2,4,2,0,0,2,0,9,7,0,4,2,9,7,4,7,0,2,5,4,2,9,11,0,0,0,2,0,9,7,0,4,2,9,7,4,7,0,9,7,5,4,7,4,2,4,2,0,0,2,0,9,7,0,4,2,9,7,4,7,0,2,5,4,2,9,11,0,0,2,7,4,2,0,9,4,5,7,4,2,0,9,4,2,4,2,0,0,2,0,9,7,0,4,2,9,7,4,7,0,2,5,4,2,9,11,0,5,4,0,0,5,4,1/4,1/2,1/4,1/4,1/4,1/4,1/8,3/8,1/4,3/8,1/8,1/4,1/4,1/4,1/4,3/8,1/8,1/4,1/4,1/4,1/4,1/2,1/8,1/8,1/2,1/4,1/4,1/4,1/4,1/8,3/8,1/4,3/8,1/8,1/4,1/4,1/4,1/4,1/4,1/4,1/4,1/4,1/4,1/4,1/2,1/4,1/2,1/4,1/4,1/4,1/4,1/4,1/4,1/4,1/4,1/4,1/4,1/8,3/8,1/4,1/2,1/8,1/8,1/2,1/4,1/4,1/4,1/4,1/8,3/8,1/4,3/8,1/8,1/4,1/4,1/4,1/4,1/4,1/4,1/4,1/4,1/4,1/4,3/4,1/2,1/4,1/4,1/4,1/4,1/8,3/8,1/4,3/8,1/8,1/4,1/4,1/4,1/4,3/8,1/8,1/4,1/4,1/4,1/4,1/2,1/8,1/8,1/2,1/4,1/4,1/4,1/4,1/8,3/8,1/4,3/8,1/8,1/4,1/4,1/4,1/4,1/4,1/4,1/4,1/4,1/4,1/4,1/2,1/4,1/2,1/4,1/4,1/4,1/4,1/4,1/4,1/4,1/4,1/4,1/4,1/8,3/8,1/4,1/2,1/8,1/8,1/2,1/4,1/4,1/4,1/4,1/8,3/8,1/4,3/8,1/8,1/4,1/4,1/4,1/4,1/4,1/4,1/4,1/4,1/4,1/4,3/4,1/2,1/2,3/4,3/4,1/2,3/4
Duchess of Hamilton's Rant,9,18,132,7,4,0,5,7,9,7,4,0,5,9,7,4,0,7,4,0,2,4,2,5,9,7,4,0,5,7,9,7,4,0,5,9,9,0,9,7,5,4,2,4,2,5,9,7,4,0,5,7,9,7,4,0,5,9,7,4,0,7,4,0,2,4,2,5,9,7,4,0,5,7,9,7,4,0,5,9,9,0,9,7,5,4,2,4,2,5,9,7,4,0,0,4,0,7,4,0,5,9,7,4,0,0,4,0,2,4,2,5,9,7,4,0,0,4,0,7,4,0,5,9,9,0,9,7,5,4,2,4,2,5,9,1/8,1/8,1/8,1/8,1/8,1/8,1/8,1/8,1/8,1/4,1/8,1/8,1/8,1/8,1/8,1/8,1/8,1/8,1/8,1/8,1/4,1/8,1/8,1/8,1/8,1/8,1/8,1/8,1/8,1/8,1/8,1/4,1/8,1/8,1/8,1/8,1/8,1/8,1/8,1/8,1/8,1/8,1/4,1/8,1/8,1/8,1/8,1/8,1/8,1/8,1/8,1/8,1/8,1/4,1/8,1/8,1/8,1/8,1/8,1/8,1/8,1/8,1/8,1/8,1/4,1/8,1/8,1/8,1/8,1/8,1/8,1/8,1/8,1/8,1/8,1/4,1/8,1/8,1/8,1/8,1/8,1/8,1/8,1/8,1/8,1/8,1/4,1/8,1/8,1/8,1/8,1/8,1/8,1/8,1/8,1/8,1/8,1/4,1/8,1/8,1/8,1/8,1/8,1/8,1/8,1/8,1/8,1/8,1/4,1/8,1/8,1/8,1/8,1/8,1/8,1/8,1/8,1/8,1/8,1/4,1/8,1/8,1/8,1/8,1/8,1/8,1/8,1/8,1/8,1/8,1/4,1/8
Cuillin Reel,7,63/4,119,7,0,7,0,4,0,7,0,9,7,5,7,9,7,9,11,0,7,0,4,0,7,0,5,9,7,5,4,0,0,7,0,7,0,4,0,7,0,9,7,5,7,9,7,9,11,0,7,0,4,0,7,0,5,9,7,5,4,0,0,7,4,7,0,7,4,7,0,7,5,7,2,7,5,7,2,7,4,7,0,7,4,7,0,7,9,7,5,4,2,11,7,11,4,7,0,7,4,7,0,7,0,9,5,9,0,9,5,9,7,9,11,0,2,5,4,2,0,0,1/4,1/4,1/8,1/8,1/8,1/8,1/8,1/8,1/8,1/8,1/8,1/8,1/8,1/8,1/8,1/8,1/4,1/8,1/8,1/8,1/8,1/8,1/8,1/8,1/8,1/8,1/8,1/8,1/8,1/8,1/8,1/4,1/8,1/8,1/8,1/8,1/8,1/8,1/8,1/8,1/8,1/8,1/8,1/8,1/8,1/8,1/4,1/8,1/8,1/8,1/8,1/8,1/8,1/8,1/8,1/8,1/8,1/8,1/8,1/8,1/8,1/8,1/8,1/8,1/8,1/8,1/8,1/8,1/8,1/8,1/8,1/8,1/8,1/8,1/8,1/8,1/8,1/8,1/8,1/8,1/8,1/8,1/8,1/8,1/8,1/8,1/8,1/8,1/8,1/8,1/8,1/8,1/8,1/8,1/8,1/8,1/8,1/8,1/8,1/8,1/8,1/8,1/8,1/8,1/8,1/8,1/8,1/8,1/8,1/8,1/8,1/8,1/8,1/8,1/8,1/8,1/8,1/4,1/4
Cheviners Jig,2,193/8,169,2,0,11,0,4,7,9,0,11,0,9,7,5,4,7,0,5,9,0,5,2,0,11,9,11,0,11,0,4,7,9,0,11,0,9,0,9,2,0,11,7,5,4,0,11,0,2,0,11,0,4,7,9,0,11,0,9,7,5,4,7,0,5,9,0,5,2,0,11,9,11,0,11,0,4,7,9,0,11,0,9,0,9,2,0,11,7,5,4,0,11,0,2,4,0,7,5,2,10,5,3,2,10,5,5,11,2,10,2,5,9,0,5,4,0,7,5,2,11,7,4,0,2,4,5,2,0,11,9,11,0,4,0,7,5,2,10,5,3,2,10,5,5,11,2,10,2,5,9,0,5,4,0,7,5,2,11,7,4,0,2,4,5,2,0,11,9,11,0,1/8,1/8,1/8,1/8,1/8,1/8,1/8,1/8,1/8,1/8,1/8,1/8,1/8,1/8,1/8,1/8,1/8,1/8,1/8,1/8,1/8,1/8,1/8,1/8,1/8,1/8,1/8,1/8,1/8,1/8,1/8,1/8,1/8,1/8,1/4,1/8,1/8,1/8,1/8,1/8,1/8,1/8,1/8,1/8,1/8,1/4,1/8,1/8,1/8,1/8,1/8,1/8,1/8,1/8,1/8,1/8,1/8,1/8,1/8,1/8,1/8,1/8,1/8,1/8,1/8,1/8,1/8,1/8,1/8,1/8,1/8,1/8,1/8,1/8,1/8,1/8,1/8,1/8,1/8,1/8,1/4,1/8,1/8,1/8,1/8,1/8,1/8,1/8,1/8,1/8,1/8,1/4,1/8,1/8,1/8,1/8,3/8,1/8,1/8,1/8,3/8,1/8,1/8,1/8,1/8,1/8,1/8,1/8,1/8,1/8,1/8,1/8,1/8,1/8,1/8,1/8,3/8,1/8,1/8,1/8,3/8,1/8,1/8,1/8,1/8,1/8,1/8,1/8,1/8,1/8,3/8,1/8,1/8,1/8,3/8,1/8,1/8,1/8,3/8,1/8,1/8,1/8,1/8,1/8,1/8,1/8,1/8,1/8,1/8,1/8,1/8,1/8,1/8,1/8,3/8,1/8,1/8,1/8,3/8,1/8,1/8,1/8,1/8,1/8,1/8,1/8,1/8,1/8,3/8
Chestnut Reel,7,89/8,62,1,2,3,4,0,4,7,0,7,4,0,2,2,2,2,11,2,5,2,9,7,5,4,0,0,1,2,3,4,0,4,7,0,7,4,0,2,2,2,2,11,2,5,2,11,9,11,0,0,5,5,11,11,0,5,5,5,11,7,0,5,5,1/8,1/8,1/8,1/8,1/8,1/8,1/8,1/8,1/8,1/8,1/8,1/4,1/4,1/2,1/8,1/8,1/8,1/8,1/8,1/8,1/8,1/8,1/4,1/4,1/8,1/8,1/8,1/8,1/8,1/8,1/8,1/8,1/8,1/8,1/8,1/8,1/4,1/4,1/2,1/8,1/8,1/8,1/8,1/8,1/8,1/8,1/8,1/4,1/4,1/4,1/4,1/4,1/4,1/4,1/4,1/4,1/4,1/4,1/4,1/4,1/4,1/4
The Chaco Waltz,10,0,0
Caymann Reel,9,24,129,7,0,2,7,4,2,7,4,2,0,4,7,0,2,7,4,2,7,4,2,0,0,7,0,2,7,4,2,7,4,2,0,2,4,7,0,0,10,9,0,2,0,7,0,2,7,4,2,7,4,2,0,4,7,0,2,7,4,2,7,4,2,0,0,7,0,2,7,4,2,7,4,2,0,2,4,7,0,0,10,9,0,2,0,2,1,2,11,7,11,2,4,5,2,4,2,0,11,0,9,5,9,0,2,3,0,2,0,2,1,2,11,7,11,2,4,5,2,4,2,4,7,0,0,10,9,0,2,0,1/4,1/8,1/8,1/8,1/8,1/8,1/8,1/8,1/8,1/4,1/2,1/4,1/8,1/8,1/8,1/8,1/8,1/8,1/8,1/8,1/4,1/2,1/4,1/8,1/8,1/8,1/8,1/8,1/8,1/8,1/8,1/4,1/2,1/8,1/8,1/4,1/4,1/4,1/8,1/8,1/4,1/2,1/4,1/8,1/8,1/8,1/8,1/8,1/8,1/8,1/8,1/4,1/2,1/4,1/8,1/8,1/8,1/8,1/8,1/8,1/8,1/8,1/4,1/2,1/4,1/8,1/8,1/8,1/8,1/8,1/8,1/8,1/8,1/4,1/2,1/8,1/8,1/4,1/4,1/4,1/8,1/8,1/4,1/2,1/8,1/8,1/8,1/8,1/8,1/8,1/8,1/8,1/8,1/8,1/4,1/2,1/8,1/8,1/8,1/8,1/8,1/8,1/8,1/8,1/8,1/8,1/4,1/2,1/8,1/8,1/8,1/8,1/8,1/8,1/8,1/8,1/8,1/8,1/4,1/2,1/8,1/8,1/4,1/4,1/4,1/8,1/8,1/4,1/2
Busker Brag,0,49/2,137,5,5,4,2,5,5,5,4,2,0,9,7,9,0,0,9,7,5,5,4,2,5,5,5,4,2,7,9,11,0,2,4,5,7,4,0,0,5,5,4,2,5,5,5,4,2,0,9,7,9,0,0,9,7,5,5,4,2,5,5,5,4,2,7,9,11,0,2,4,5,7,4,0,0,0,4,7,0,4,7,0,4,7,0,4,7,0,4,7,4,0,3,7,0,4,7,0,4,7,0,3,7,0,4,7,4,2,6,9,2,5,9,2,5,9,2,5,9,2,5,9,5,10,11,7,11,8,9,7,9,6,7,4,3,4,7,0,1/4,1/4,1/4,1/4,1/4,1/8,1/8,1/4,1/4,3/8,1/8,3/8,1/8,1/4,1/4,1/4,1/4,1/4,1/4,1/4,1/4,1/8,1/4,1/8,1/4,1/4,1/8,1/8,1/8,1/8,1/8,1/8,1/8,1/8,1/4,1/4,1/2,1/4,1/4,1/4,1/4,1/4,1/8,1/8,1/4,1/4,3/8,1/8,3/8,1/8,1/4,1/4,1/4,1/4,1/4,1/4,1/4,1/4,1/8,1/4,1/8,1/4,1/4,1/8,1/8,1/8,1/8,1/8,1/8,1/8,1/8,1/4,1/4,1/2,1/8,1/8,1/8,1/8,1/8,1/8,1/8,1/8,1/8,1/8,1/8,1/8,1/8,1/8,1/8,1/8,1/8,1/8,1/8,1/8,1/8,1/8,1/8,1/8,1/8,1/8,1/8,1/8,1/8,1/8,1/8,1/8,1/8,1/8,1/8,1/8,1/8,1/8,1/8,1/8,1/8,1/8,1/8,1/8,1/8,1/8,1/8,1/8,1/8,1/8,1/8,1/8,1/8,1/8,1/8,1/8,1/8,1/8,1/4,1/4,1/4,1/4,1/4
Bonnie Kate,7,49/4,41,11,0,2,0,11,0,7,9,7,5,4,2,4,0,2,4,0,2,4,5,2,4,5,4,7,5,4,7,7,0,7,0,5,7,0,9,4,9,2,7,0,1/4,3/8,1/8,1/4,1/4,1/4,1/2,1/4,1/4,1/4,1/4,1/4,1/4,1/2,1/4,1/4,1/2,1/8,1/8,1/4,1/2,1/8,1/8,1/4,1/4,1/4,1/4,1/4,1/4,1/4,1/4,7/4,1/4,1/4,1/4,1/4,1/4,1/4,1/4,1/4,1/4
Bobbin Mill Reel,2,385/8,285,7,0,11,0,2,4,7,9,2,11,7,0,11,0,2,4,2,0,11,9,2,7,7,0,11,0,2,4,2,0,11,9,2,11,7,9,11,0,9,11,0,2,11,0,0,7,0,11,0,2,4,7,9,2,11,7,0,11,0,2,4,2,0,11,9,2,7,7,0,11,0,2,4,2,0,11,9,2,11,7,9,11,0,9,11,0,2,11,0,0,7,9,7,9,11,0,7,9,7,9,11,0,7,9,7,9,11,0,11,0,2,4,2,0,4,2,7,9,7,9,11,0,7,9,7,9,11,0,2,4,5,4,2,5,4,2,0,4,2,0,11,0,2,0,11,0,2,4,7,9,2,11,7,0,11,0,2,4,2,0,11,9,2,7,7,0,11,0,2,4,2,0,11,9,2,11,7,9,11,0,9,11,0,2,11,0,0,7,0,11,0,2,4,7,9,2,11,7,0,11,0,2,4,2,0,11,9,2,7,7,0,11,0,2,4,2,0,11,9,2,11,7,9,11,0,9,11,0,2,11,0,0,7,9,7,9,11,0,7,9,7,9,11,0,7,9,7,9,11,0,11,0,2,4,2,0,4,2,7,9,7,9,11,0,7,9,7,9,11,0,2,4,5,4,2,5,4,2,0,4,2,0,11,2,0,1/8,1/8,1/8,1/8,1/8,1/4,1/4,1/4,1/4,1/4,1/4,1/8,1/8,1/8,1/8,1/8,1/8,1/8,1/8,1/4,1/4,1/4,1/4,1/8,1/8,1/8,1/8,1/8,1/8,1/8,1/8,1/4,1/4,1/4,1/4,1/8,1/8,1/8,1/8,1/8,1/8,1/8,1/8,1/2,1/4,1/4,1/8,1/8,1/8,1/8,1/4,1/4,1/4,1/4,1/4,1/4,1/8,1/8,1/8,1/8,1/8,1/8,1/8,1/8,1/4,1/4,1/4,1/4,1/8,1/8,1/8,1/8,1/8,1/8,1/8,1/8,1/4,1/4,1/4,1/4,1/8,1/8,1/8,1/8,1/8,1/8,1/8,1/8,1/2,1/4,1/4,1/8,1/8,1/8,1/8,1/4,1/4,1/8,1/8,1/8,1/8,1/4,1/4,1/8,1/8,1/8,1/8,1/8,1/8,1/8,1/8,1/8,1/8,1/8,1/8,1/4,1/4,1/8,1/8,1/8,1/8,1/4,1/4,1/8,1/8,1/8,1/8,1/4,1/8,1/8,1/8,1/8,1/8,1/8,1/8,1/8,1/8,1/8,1/8,1/8,1/8,1/8,1/2,1/8,1/8,1/8,1/8,1/4,1/4,1/4,1/4,1/4,1/4,1/8,1/8,1/8,1/8,1/8,1/8,1/8,1/8,1/4,1/4,1/4,1/4,1/8,1/8,1/8,1/8,1/8,1/8,1/8,1/8,1/4,1/4,1/4,1/4,1/8,1/8,1/8,1/8,1/8,1/8,1/8,1/8,1/2,1/4,1/4,1/8,1/8,1/8,1/8,1/4,1/4,1/4,1/4,1/4,1/4,1/8,1/8,1/8,1/8,1/8,1/8,1/8,1/8,1/4,1/4,1/4,1/4,1/8,1/8,1/8,1/8,1/8,1/8,1/8,1/8,1/4,1/4,1/4,1/4,1/8,1/8,1/8,1/8,1/8,1/8,1/8,1/8,1/2,1/4,1/4,1/8,1/8,1/8,1/8,1/4,1/4,1/8,1/8,1/8,1/8,1/4,1/4,1/8,1/8,1/8,1/8,1/8,1/8,1/8,1/8,1/8,1/8,1/8,1/8,1/4,1/4,1/8,1/8,1/8,1/8,1/4,1/4,1/8,1/8,1/8,1/8,1/4,1/8,1/8,1/8,1/8,1/8,1/8,1/8,1/8,1/8,1/8,1/8,1/8,1/8,1/8,1/2
Black Tulip Hornpipe,7,193,349,7,4,0,7,4,0,4,7,4,5,9,2,0,11,7,9,11,4,0,7,4,0,7,4,7,5,2,7,2,9,2,11,2,0,7,4,7,0,4,2,0,11,7,2,7,11,2,0,11,9,7,5,4,5,9,7,5,4,0,0,7,4,0,7,4,0,4,7,4,5,9,2,0,11,7,9,11,4,0,7,4,0,7,4,7,5,2,7,2,9,2,11,2,0,7,4,7,0,4,2,0,11,7,2,7,11,2,0,11,9,7,5,4,5,9,7,5,4,0,0,7,2,7,4,7,5,7,7,5,4,0,5,0,6,0,7,0,2,7,4,7,5,7,7,9,7,7,6,7,2,7,4,7,5,7,7,5,4,0,5,0,6,0,7,9,5,0,5,11,5,2,5,0,4,0,4,0,7,4,0,4,7,4,5,9,2,0,11,7,9,11,4,0,7,4,0,7,4,7,5,2,7,2,9,2,11,2,0,7,4,7,0,4,2,0,11,7,2,7,11,2,0,11,9,7,5,4,5,9,7,5,4,0,0,7,4,0,7,4,0,4,7,4,5,9,2,0,11,7,9,11,4,0,7,4,0,7,4,7,5,2,7,2,9,2,11,2,0,7,4,7,0,4,2,0,11,7,2,7,11,2,0,11,9,7,5,4,5,9,7,5,4,0,0,7,2,7,4,7,5,7,7,5,4,0,5,0,6,0,7,0,2,7,4,7,5,7,7,9,7,7,6,7,2,7,4,7,5,7,7,5,4,0,5,0,6,0,7,9,5,0,5,11,5,2,5,0,4,0,1,3/4,1/4,3/4,1/4,3/4,1/4,3/4,1/4,3/4,1/4,3/4,1/4,3/4,1/4,3/4,1/4,3/4,1/4,3/4,1/4,3/4,1/4,3/4,1/4,3/4,1/4,3/4,1/4,3/4,1/4,3/4,1/4,3/4,1/4,3/4,1/4,3/4,1/4,3/4,1/4,3/4,1/4,3/4,1/4,3/4,1/4,3/4,1/4,3/4,1/4,3/4,1/4,3/4,1/4,3/4,1/4,1,1,1,1,3/4,1/4,3/4,1/4,3/4,1/4,3/4,1/4,3/4,1/4,3/4,1/4,3/4,1/4,3/4,1/4,3/4,1/4,3/4,1/4,3/4,1/4,3/4,1/4,3/4,1/4,3/4,1/4,3/4,1/4,3/4,1/4,3/4,1/4,3/4,1/4,3/4,1/4,3/4,1/4,3/4,1/4,3/4,1/4,3/4,1/4,3/4,1/4,3/4,1/4,3/4,1/4,3/4,1/4,3/4,1/4,1,1,1,1,1/2,1/2,1/2,1/2,1/2,1/2,1/2,1/2,1/2,1/2,1/2,1/2,1/2,1/2,1/2,1/2,1/2,1/2,1/2,1/2,1/2,1/2,1,1/2,1/2,1/2,1/2,2,1/2,1/2,1/2,1/2,1/2,1/2,1/2,1/2,1/2,1/2,1/2,1/2,1/2,1/2,1,1/2,1/2,1/2,1/2,1/2,1/2,1/2,1/2,1,1,2,3/4,1/4,3/4,1/4,3/4,1/4,3/4,1/4,3/4,1/4,3/4,1/4,3/4,1/4,3/4,1/4,3/4,1/4,3/4,1/4,3/4,1/4,3/4,1/4,3/4,1/4,3/4,1/4,3/4,1/4,3/4,1/4,3/4,1/4,3/4,1/4,3/4,1/4,3/4,1/4,3/4,1/4,3/4,1/4,3/4,1/4,3/4,1/4,3/4,1/4,3/4,1/4,3/4,1/4,3/4,1/4,1,1,1,1,3/4,1/4,3/4,1/4,3/4,1/4,3/4,1/4,3/4,1/4,3/4,1/4,3/4,1/4,3/4,1/4,3/4,1/4,3/4,1/4,3/4,1/4,3/4,1/4,3/4,1/4,3/4,1/4,3/4,1/4,3/4,1/4,3/4,1/4,3/4,1/4,3/4,1/4,3/4,1/4,3/4,1/4,3/4,1/4,3/4,1/4,3/4,1/4,3/4,1/4,3/4,1/4,3/4,1/4,3/4,1/4,1,1,1,1,1/2,1/2,1/2,1/2,1/2,1/2,1/2,1/2,1/2,1/2,1/2,1/2,1/2,1/2,1/2,1/2,1/2,1/2,1/2,1/2,1/2,1/2,1,1/2,1/2,1/2,1/2,2,1/2,1/2,1/2,1/2,1/2,1/2,1/2,1/2,1/2,1/2,1/2,1/2,1/2,1/2,1,1/2,1/2,1/2,1/2,1/2,1/2,1/2,1/2,1,1,2
Black Boy,9,403/16,176,0,4,2,0,11,0,4,7,0,11,2,7,5,4,0,2,4,7,6,9,7,11,7,9,0,11,9,7,6,7,7,0,4,2,0,11,0,4,7,0,11,2,7,5,4,0,2,4,7,6,9,7,11,7,9,0,11,9,7,6,7,7,7,10,9,9,7,5,4,5,2,5,9,7,5,4,2,4,0,4,7,5,4,2,0,11,2,7,5,4,2,0,11,0,7,10,9,9,7,5,4,5,2,5,9,7,5,4,2,4,0,4,7,5,4,2,0,11,2,7,5,4,2,0,11,0,0,5,5,4,5,7,9,7,7,9,10,5,5,4,5,7,4,0,0,0,5,5,4,5,7,9,5,7,9,10,0,9,5,10,7,4,5,5,5,7,5,0,5,2,7,0,5,0,5,5,1/4,1/16,1/16,1/16,1/16,1/8,1/8,1/8,1/8,1/8,1/8,1/8,1/8,1/8,1/4,1/8,1/8,1/8,1/8,1/8,1/8,1/4,1/8,1/8,1/8,1/16,1/16,1/16,1/16,1/4,1/4,1/4,1/16,1/16,1/16,1/16,1/8,1/8,1/8,1/8,1/8,1/8,1/8,1/8,1/8,1/4,1/8,1/8,1/8,1/8,1/8,1/8,1/4,1/8,1/8,1/8,1/16,1/16,1/16,1/16,1/4,1/4,1/8,1/4,1/8,1/16,1/16,1/16,1/16,1/4,1/8,1/4,1/8,1/16,1/16,1/16,1/16,1/4,1/8,1/4,1/8,1/16,1/16,1/16,1/16,1/8,1/8,1/8,1/8,1/16,1/16,1/16,1/16,1/2,1/8,1/4,1/8,1/16,1/16,1/16,1/16,1/4,1/8,1/4,1/8,1/16,1/16,1/16,1/16,1/4,1/8,1/4,1/8,1/16,1/16,1/16,1/16,1/8,1/8,1/8,1/8,1/16,1/16,1/16,1/16,13/16,1/8,1/4,1/8,1/4,1/8,1/8,1/8,1/8,1/8,1/8,1/8,1/4,1/8,1/4,1/8,1/8,1/8,1/8,1/4,1/8,1/4,1/8,1/4,1/8,1/8,1/8,1/8,1/8,1/8,1/8,1/8,1/8,1/8,1/8,1/8,1/8,1/4,1/4,1/4,1/4,1/4,1/4,1/4,1/4,1/4,1/4,1/4,1/4,1/4,1/4
Barry's Favourite,2,84128/483,215,7,7,9,7,5,4,0,2,4,5,7,5,4,2,7,4,5,4,2,0,4,9,11,0,2,11,7,7,9,7,5,4,0,2,4,5,7,5,4,2,7,4,5,4,2,0,2,4,7,9,0,0,11,0,7,7,9,7,5,4,0,2,4,5,7,5,4,2,7,4,5,4,2,0,4,9,11,0,2,11,7,7,9,7,5,4,0,2,4,5,7,5,4,2,7,4,5,4,2,0,2,4,7,9,0,0,11,0,7,9,7,9,5,0,7,2,0,2,4,2,7,9,7,5,7,9,7,5,4,5,7,4,2,0,2,4,2,7,9,7,9,5,0,7,2,0,2,4,2,7,9,7,5,4,7,5,4,2,0,4,0,7,9,7,9,5,0,7,2,0,2,4,2,7,9,7,5,7,9,7,5,4,5,7,4,2,0,2,4,2,7,9,7,9,5,0,7,2,0,2,4,2,7,9,7,5,4,7,5,4,2,0,4,0,7,1,3/4,1/4,3/4,1/4,23/2,1/2,1/2,1/2,3/4,1/4,3/4,1/4,1,1,3/4,1/4,3/4,1/4,1,1,3/4,1/4,3/4,1/4,1,1,3/4,1/4,3/4,1/4,23/2,1/2,1/2,1/2,3/4,1/4,3/4,1/4,1,1,3/4,1/4,3/4,1/4,3/4,1/4,3/4,1/4,3/4,1/4,3/4,1/4,1,1,3/4,1/4,3/4,1/4,23/2,1/2,1/2,1/2,3/4,1/4,3/4,1/4,1,1,3/4,1/4,3/4,1/4,1,1,3/4,1/4,3/4,1/4,1,1,3/4,1/4,3/4,1/4,23/2,1/2,1/2,1/2,3/4,1/4,3/4,1/4,1,1,3/4,1/4,3/4,1/4,3/4,1/4,3/4,1/4,3/4,1/4,3/4,1/4,1,1,3/4,1/4,3/4,1/4,1,1,3/4,1/4,3/4,1/4,1,1,3/4,1/46,1/2,1/2,1/2,3/4,1/46,1/2,1/2,1/2,3/4,1/46,1/2,1/2,1/2,1,1,3/4,1/4,3/4,1/4,1,1,3/4,1/4,3/4,1/4,1,1,3/4,1/4,3/4,1/4,3/4,1/4,3/4,1/42,1,1,1,1,3/4,1/4,3/4,1/4,1,1,3/4,1/4,3/4,1/4,1,1,3/4,1/46,1/2,1/2,1/2,3/4,1/46,1/2,1/2,1/2,3/4,1/46,1/2,1/2,1/2,1,1,3/4,1/4,3/4,1/4,1,1,3/4,1/4,3/4,1/4,1,1,3/4,1/4,3/4,1/4,3/4,1/4,3/4,1/42,1,1,1,1
A and A's Waltz,7,35/2,54,9,7,4,2,4,5,4,0,2,9,7,4,2,4,5,4,10,0,9,9,7,4,2,4,5,4,0,2,9,7,4,2,4,5,4,10,0,9,0,9,10,7,5,2,10,9,0,9,10,7,5,2,0,0,1/4,1/2,1/4,3/8,1/8,1/4,1/2,1/4,1/2,1/4,1/2,1/4,3/8,1/8,1/4,1/4,1/4,1/2,1/4,1/4,1/2,1/4,3/8,1/8,1/4,1/2,1/4,1/2,1/4,1/2,1/4,3/8,1/8,1/4,1/4,1/4,1/2,1/4,1/2,1/4,1/2,1/4,1/2,1/4,1/2,1/4,1/2,1/4,1/2,1/4,1/4,1/4,1/4,1/4
